[19:24:10.701][info] [#0:/home/espeon/.local/share/nvim/mason/packages/lua-language-server/libexec/main.lua:68]: Lua Lsp startup, root: 	/home/espeon/.local/share/nvim/mason/packages/lua-language-server/libexec
[19:24:10.701][info] [#0:/home/espeon/.local/share/nvim/mason/packages/lua-language-server/libexec/main.lua:69]: ROOT:	/home/espeon/.local/share/nvim/mason/packages/lua-language-server/libexec
[19:24:10.701][info] [#0:/home/espeon/.local/share/nvim/mason/packages/lua-language-server/libexec/main.lua:70]: LOGPATH:	/home/espeon/.local/share/nvim/mason/packages/lua-language-server/libexec/log
[19:24:10.701][info] [#0:/home/espeon/.local/share/nvim/mason/packages/lua-language-server/libexec/main.lua:71]: METAPATH:	/home/espeon/.local/share/nvim/mason/packages/lua-language-server/libexec/meta
[19:24:10.702][info] [#0:/home/espeon/.local/share/nvim/mason/packages/lua-language-server/libexec/main.lua:72]: VERSION:	3.13.6
[19:24:10.733][info] [#0:script/proto/proto.lua:260]: Listen Mode: stdio
[19:24:10.733][info] [#0:script/service/service.lua:145]: 
========= Medical Examination Report =========
    --------------- Memory ---------------
        Total: 2.258 MB
        # 00 : 2.258 MB
        # 01 : 0.000 MB
        # 02 : 0.000 MB
        # 03 : 0.000 MB
        # 04 : 0.000 MB
    --------------- Coroutine ---------------
        Total:     0
        Running:   0
        Suspended: 0
        Normal:    0
        Dead:      0
    --------------- Cache ---------------
        Total: 1
        Dead:  0
    ---------------  RPC  ---------------
        Holdon:   0
        Waiting:  0
==============================================
[19:24:10.839][info] [#0:script/client.lua:657]: Client init	{
  capabilities = {
    general = {
      positionEncodings = { "utf-16" }
    },
    textDocument = {
      callHierarchy = {
        dynamicRegistration = false
      },
      codeAction = {
        codeActionLiteralSupport = {
          codeActionKind = {
            valueSet = { "", "quickfix", "refactor", "refactor.extract", "refactor.inline", "refactor.rewrite", "source", "source.organizeImports" }
          }
        },
        dataSupport = true,
        dynamicRegistration = true,
        isPreferredSupport = true,
        resolveSupport = {
          properties = { "edit" }
        }
      },
      completion = {
        completionItem = {
          commitCharactersSupport = false,
          deprecatedSupport = true,
          documentationFormat = { "markdown", "plaintext" },
          insertReplaceSupport = true,
          insertTextModeSupport = {
            valueSet = { 1 }
          },
          labelDetailsSupport = true,
          preselectSupport = false,
          resolveSupport = {
            properties = { "documentation", "detail", "additionalTextEdits" }
          },
          snippetSupport = true,
          tagSupport = {
            valueSet = { 1 }
          }
        },
        completionItemKind = {
          valueSet = { 1, 2, 3, 4, 5, 6, 7, 8, 9, 10, 11, 12, 13, 14, 15, 16, 17, 18, 19, 20, 21, 22, 23, 24, 25 }
        },
        completionList = {
          itemDefaults = { "commitCharacters", "editRange", "insertTextFormat", "insertTextMode", "data" }
        },
        contextSupport = true,
        dynamicRegistration = false,
        insertTextMode = 1
      },
      declaration = {
        linkSupport = true
      },
      definition = {
        dynamicRegistration = true,
        linkSupport = true
      },
      diagnostic = {
        dynamicRegistration = false
      },
      documentHighlight = {
        dynamicRegistration = false
      },
      documentSymbol = {
        dynamicRegistration = false,
        hierarchicalDocumentSymbolSupport = true,
        symbolKind = {
          valueSet = { 1, 2, 3, 4, 5, 6, 7, 8, 9, 10, 11, 12, 13, 14, 15, 16, 17, 18, 19, 20, 21, 22, 23, 24, 25, 26 }
        }
      },
      formatting = {
        dynamicRegistration = true
      },
      hover = {
        contentFormat = { "markdown", "plaintext" },
        dynamicRegistration = true
      },
      implementation = {
        linkSupport = true
      },
      inlayHint = {
        dynamicRegistration = true,
        resolveSupport = {
          properties = { "textEdits", "tooltip", "location", "command" }
        }
      },
      publishDiagnostics = {
        dataSupport = true,
        relatedInformation = true,
        tagSupport = {
          valueSet = { 1, 2 }
        }
      },
      rangeFormatting = {
        dynamicRegistration = true
      },
      references = {
        dynamicRegistration = false
      },
      rename = {
        dynamicRegistration = true,
        prepareSupport = true
      },
      semanticTokens = {
        augmentsSyntaxTokens = true,
        dynamicRegistration = false,
        formats = { "relative" },
        multilineTokenSupport = false,
        overlappingTokenSupport = true,
        requests = {
          full = {
            delta = true
          },
          range = false
        },
        serverCancelSupport = false,
        tokenModifiers = { "declaration", "definition", "readonly", "static", "deprecated", "abstract", "async", "modification", "documentation", "defaultLibrary" },
        tokenTypes = { "namespace", "type", "class", "enum", "interface", "struct", "typeParameter", "parameter", "variable", "property", "enumMember", "event", "function", "method", "macro", "keyword", "modifier", "comment", "string", "number", "regexp", "operator", "decorator" }
      },
      signatureHelp = {
        dynamicRegistration = false,
        signatureInformation = {
          activeParameterSupport = true,
          documentationFormat = { "markdown", "plaintext" },
          parameterInformation = {
            labelOffsetSupport = true
          }
        }
      },
      synchronization = {
        didSave = true,
        dynamicRegistration = false,
        willSave = true,
        willSaveWaitUntil = true
      },
      typeDefinition = {
        linkSupport = true
      }
    },
    window = {
      showDocument = {
        support = true
      },
      showMessage = {
        messageActionItem = {
          additionalPropertiesSupport = false
        }
      },
      workDoneProgress = true
    },
    workspace = {
      applyEdit = true,
      configuration = true,
      didChangeConfiguration = {
        dynamicRegistration = false
      },
      didChangeWatchedFiles = {
        dynamicRegistration = false,
        relativePatternSupport = true
      },
      fileOperations = {
        didRename = true,
        willRename = true
      },
      inlayHint = {
        refreshSupport = true
      },
      semanticTokens = {
        refreshSupport = true
      },
      symbol = {
        dynamicRegistration = false,
        symbolKind = {
          valueSet = { 1, 2, 3, 4, 5, 6, 7, 8, 9, 10, 11, 12, 13, 14, 15, 16, 17, 18, 19, 20, 21, 22, 23, 24, 25, 26 }
        }
      },
      workspaceEdit = {
        resourceOperations = { "rename", "create", "delete" }
      },
      workspaceFolders = true
    }
  },
  clientInfo = {
    name = "Neovim",
    version = "0.10.2+g8b9864200"
  },
  initializationOptions = {},
  processId = 165606,
  rootPath = "/home/espeon/.config/nvim",
  rootUri = "file:///home/espeon/.config/nvim",
  trace = "off",
  workDoneToken = "1",
  workspaceFolders = { {
      name = "/home/espeon/.config/nvim",
      uri = "file:///home/espeon/.config/nvim"
    } }
}
[19:24:10.839][info] [#0:script/language.lua:137]: VSC language: nil
[19:24:10.839][info] [#0:script/language.lua:138]: LS  language: en-us
[19:24:10.839][info] [#0:script/workspace/workspace.lua:38]: Workspace init root: 	file:///home/espeon/.config/nvim
[19:24:10.839][info] [#0:script/workspace/workspace.lua:42]: Log path: 	/home/espeon/.local/share/nvim/mason/packages/lua-language-server/libexec/log/file_home_espeon_.config_nvim.log
[19:24:10.840][info] [#0:script/workspace/workspace.lua:48]: Workspace create: 	file:///home/espeon/.config/nvim
[19:24:11.143][info] [#0:script/provider/provider.lua:49]: Load config from client	file:///home/espeon/.config/nvim
[19:24:11.143][info] [#0:script/provider/provider.lua:50]: {
  Lua = {
    codeLens = {
      enable = true
    },
    completion = {
      callSnippet = "Replace"
    },
    doc = {
      privateName = { "^_" }
    },
    hint = {
      arrayIndex = "Disable",
      enable = true,
      paramName = "Disable",
      paramType = true,
      semicolon = "Disable",
      setType = false
    },
    runtime = {
      path = { "?.lua", "?/init.lua" },
      pathStrict = true,
      version = "LuaJIT"
    },
    workspace = {
      checkThirdParty = false,
      ignoreDir = { "/lua" },
      library = { "/usr/local/share/nvim/runtime/lua", "/home/espeon/.config/nvim/lua", "/home/espeon/.local/share/nvim/lazy/LazyVim/lua", "/home/espeon/.local/share/nvim/lazy/lazy.nvim/lua" }
    }
  }
}
[19:24:11.143][info] [#0:script/provider/provider.lua:49]: Load config from client	file:///home/espeon/.config/nvim
[19:24:11.143][info] [#0:script/provider/provider.lua:50]: {
  Lua = {
    codeLens = {
      enable = true
    },
    completion = {
      callSnippet = "Replace"
    },
    doc = {
      privateName = { "^_" }
    },
    hint = {
      arrayIndex = "Disable",
      enable = true,
      paramName = "Disable",
      paramType = true,
      semicolon = "Disable",
      setType = false
    },
    runtime = {
      path = { "?.lua", "?/init.lua" },
      pathStrict = true,
      version = "LuaJIT"
    },
    workspace = {
      checkThirdParty = false,
      ignoreDir = { "/lua" },
      library = { "/usr/local/share/nvim/runtime/lua", "/home/espeon/.config/nvim/lua", "/home/espeon/.local/share/nvim/lazy/LazyVim/lua", "/home/espeon/.local/share/nvim/lazy/lazy.nvim/lua" }
    }
  }
}
[19:24:11.143][info] [#0:script/provider/provider.lua:49]: Load config from client	file:///home/espeon/.config/nvim
[19:24:11.143][info] [#0:script/provider/provider.lua:50]: {
  Lua = {
    codeLens = {
      enable = true
    },
    completion = {
      callSnippet = "Replace"
    },
    doc = {
      privateName = { "^_" }
    },
    hint = {
      arrayIndex = "Disable",
      enable = true,
      paramName = "Disable",
      paramType = true,
      semicolon = "Disable",
      setType = false
    },
    runtime = {
      path = { "?.lua", "?/init.lua" },
      pathStrict = true,
      version = "LuaJIT"
    },
    workspace = {
      checkThirdParty = false,
      ignoreDir = { "/lua" },
      library = { "/usr/local/share/nvim/runtime/lua", "/home/espeon/.config/nvim/lua", "/home/espeon/.local/share/nvim/lazy/LazyVim/lua", "/home/espeon/.local/share/nvim/lazy/lazy.nvim/lua" }
    }
  }
}
[19:24:11.243][warn] [#0:script/config/loader.lua:116]: No config?	{}
[19:24:11.243][info] [#0:script/provider/provider.lua:65]: Load config from client	fallback
[19:24:11.243][info] [#0:script/provider/provider.lua:66]: nil
[19:24:11.243][warn] [#0:script/config/loader.lua:116]: No config?	{}
[19:24:11.243][info] [#0:script/provider/provider.lua:65]: Load config from client	fallback
[19:24:11.243][info] [#0:script/provider/provider.lua:66]: nil
[19:24:11.243][warn] [#0:script/config/loader.lua:116]: No config?	{}
[19:24:11.243][info] [#0:script/provider/provider.lua:65]: Load config from client	fallback
[19:24:11.243][info] [#0:script/provider/provider.lua:66]: nil
[19:24:11.352][info] [#0:script/library.lua:212]: Init builtin library at:	file:///home/espeon/.config/nvim
[19:24:11.364][info] [#0:script/library.lua:212]: Init builtin library at:	nil
[19:24:11.472][info] [#0:script/workspace/workspace.lua:324]: Preload start:	file:///home/espeon/.config/nvim
[19:24:11.476][info] [#0:script/workspace/workspace.lua:330]: Scan files at:	file:///home/espeon/.config/nvim
[19:24:11.477][info] [#0:script/workspace/workspace.lua:324]: Preload start:	<fallback>
[19:24:11.478][info] [#0:script/workspace/workspace.lua:353]: Scan library at:	file:///home/espeon/.local/share/nvim/mason/packages/lua-language-server/libexec/meta/Lua%205.4%20en-us%20utf8/debug.lua
[19:24:11.478][info] [#0:script/workspace/workspace.lua:353]: Scan library at:	file:///home/espeon/.local/share/nvim/mason/packages/lua-language-server/libexec/meta/Lua%205.4%20en-us%20utf8/utf8.lua
[19:24:11.478][info] [#0:script/workspace/workspace.lua:353]: Scan library at:	file:///home/espeon/.local/share/nvim/mason/packages/lua-language-server/libexec/meta/Lua%205.4%20en-us%20utf8/table.lua
[19:24:11.478][info] [#0:script/workspace/workspace.lua:353]: Scan library at:	file:///home/espeon/.local/share/nvim/mason/packages/lua-language-server/libexec/meta/Lua%205.4%20en-us%20utf8/string.lua
[19:24:11.479][info] [#0:script/workspace/workspace.lua:353]: Scan library at:	file:///home/espeon/.local/share/nvim/mason/packages/lua-language-server/libexec/meta/Lua%205.4%20en-us%20utf8/math.lua
[19:24:11.479][info] [#0:script/workspace/workspace.lua:353]: Scan library at:	file:///home/espeon/.local/share/nvim/mason/packages/lua-language-server/libexec/meta/Lua%205.4%20en-us%20utf8/package.lua
[19:24:11.479][info] [#0:script/workspace/workspace.lua:353]: Scan library at:	file:///home/espeon/.local/share/nvim/mason/packages/lua-language-server/libexec/meta/Lua%205.4%20en-us%20utf8/io.lua
[19:24:11.479][info] [#0:script/workspace/workspace.lua:353]: Scan library at:	file:///home/espeon/.local/share/nvim/mason/packages/lua-language-server/libexec/meta/Lua%205.4%20en-us%20utf8/builtin.lua
[19:24:11.479][info] [#0:script/workspace/workspace.lua:353]: Scan library at:	file:///home/espeon/.local/share/nvim/mason/packages/lua-language-server/libexec/meta/Lua%205.4%20en-us%20utf8/os.lua
[19:24:11.480][info] [#0:script/workspace/workspace.lua:353]: Scan library at:	file:///home/espeon/.local/share/nvim/mason/packages/lua-language-server/libexec/meta/LuaJIT%20en-us%20utf8/jit.lua
[19:24:11.480][info] [#0:script/workspace/workspace.lua:353]: Scan library at:	file:///home/espeon/.local/share/nvim/mason/packages/lua-language-server/libexec/meta/Lua%205.4%20en-us%20utf8/coroutine.lua
[19:24:11.480][info] [#0:script/workspace/workspace.lua:353]: Scan library at:	file:///usr/local/share/nvim/runtime/lua
[19:24:11.483][info] [#0:script/workspace/workspace.lua:353]: Scan library at:	file:///home/espeon/.local/share/nvim/mason/packages/lua-language-server/libexec/meta/Lua%205.4%20en-us%20utf8/basic.lua
[19:24:11.493][info] [#0:script/workspace/workspace.lua:353]: Scan library at:	file:///home/espeon/.local/share/nvim/mason/packages/lua-language-server/libexec/meta/LuaJIT%20en-us%20utf8/table.lua
[19:24:11.493][info] [#0:script/workspace/workspace.lua:353]: Scan library at:	file:///home/espeon/.local/share/nvim/mason/packages/lua-language-server/libexec/meta/LuaJIT%20en-us%20utf8/package.lua
[19:24:11.493][info] [#0:script/workspace/workspace.lua:353]: Scan library at:	file:///home/espeon/.local/share/nvim/mason/packages/lua-language-server/libexec/meta/LuaJIT%20en-us%20utf8/io.lua
[19:24:11.494][info] [#0:script/workspace/workspace.lua:353]: Scan library at:	file:///home/espeon/.local/share/nvim/mason/packages/lua-language-server/libexec/meta/LuaJIT%20en-us%20utf8/jit/util.lua
[19:24:11.494][info] [#0:script/workspace/workspace.lua:353]: Scan library at:	file:///home/espeon/.local/share/nvim/lazy/lazy.nvim/lua
[19:24:11.500][info] [#0:script/workspace/workspace.lua:353]: Scan library at:	file:///home/espeon/.local/share/nvim/mason/packages/lua-language-server/libexec/meta/LuaJIT%20en-us%20utf8/coroutine.lua
[19:24:11.500][info] [#0:script/workspace/workspace.lua:353]: Scan library at:	file:///home/espeon/.local/share/nvim/mason/packages/lua-language-server/libexec/meta/LuaJIT%20en-us%20utf8/jit/profile.lua
[19:24:11.500][info] [#0:script/workspace/workspace.lua:353]: Scan library at:	file:///home/espeon/.local/share/nvim/mason/packages/lua-language-server/libexec/meta/LuaJIT%20en-us%20utf8/os.lua
[19:24:11.500][info] [#0:script/workspace/workspace.lua:353]: Scan library at:	file:///home/espeon/.local/share/nvim/mason/packages/lua-language-server/libexec/meta/LuaJIT%20en-us%20utf8/debug.lua
[19:24:11.500][info] [#0:script/workspace/workspace.lua:353]: Scan library at:	file:///home/espeon/.local/share/nvim/mason/packages/lua-language-server/libexec/meta/LuaJIT%20en-us%20utf8/table/clear.lua
[19:24:11.500][info] [#0:script/workspace/workspace.lua:353]: Scan library at:	file:///home/espeon/.local/share/nvim/mason/packages/lua-language-server/libexec/meta/LuaJIT%20en-us%20utf8/builtin.lua
[19:24:11.501][info] [#0:script/workspace/workspace.lua:353]: Scan library at:	file:///home/espeon/.local/share/nvim/mason/packages/lua-language-server/libexec/meta/LuaJIT%20en-us%20utf8/table/new.lua
[19:24:11.501][info] [#0:script/workspace/workspace.lua:353]: Scan library at:	file:///home/espeon/.local/share/nvim/mason/packages/lua-language-server/libexec/meta/LuaJIT%20en-us%20utf8/math.lua
[19:24:11.501][info] [#0:script/workspace/workspace.lua:353]: Scan library at:	file:///home/espeon/.local/share/nvim/lazy/LazyVim/lua
[19:24:11.516][info] [#0:script/workspace/workspace.lua:353]: Scan library at:	file:///home/espeon/.local/share/nvim/mason/packages/lua-language-server/libexec/meta/LuaJIT%20en-us%20utf8/bit.lua
[19:24:11.517][info] [#0:script/workspace/workspace.lua:353]: Scan library at:	file:///home/espeon/.local/share/nvim/mason/packages/lua-language-server/libexec/meta/LuaJIT%20en-us%20utf8/string.lua
[19:24:11.517][info] [#0:script/workspace/workspace.lua:353]: Scan library at:	file:///home/espeon/.local/share/nvim/mason/packages/lua-language-server/libexec/meta/LuaJIT%20en-us%20utf8/basic.lua
[19:24:11.517][info] [#0:script/workspace/workspace.lua:353]: Scan library at:	file:///home/espeon/.local/share/nvim/mason/packages/lua-language-server/libexec/meta/LuaJIT%20en-us%20utf8/string/buffer.lua
[19:24:11.517][info] [#0:script/workspace/workspace.lua:353]: Scan library at:	file:///home/espeon/.local/share/nvim/mason/packages/lua-language-server/libexec/meta/LuaJIT%20en-us%20utf8/ffi.lua
[19:24:11.517][info] [#0:script/workspace/workspace.lua:353]: Scan library at:	file:///home/espeon/.config/nvim/lua
[19:24:11.618][info] [#0:script/workspace/workspace.lua:379]: Found 11 files at:	<fallback>
[19:24:11.618][info] [#0:script/workspace/loading.lua:160]: Load files from disk:	<fallback>
[19:24:11.618][info] [#0:script/workspace/workspace.lua:379]: Found 334 files at:	file:///home/espeon/.config/nvim
[19:24:11.618][info] [#0:script/workspace/loading.lua:160]: Load files from disk:	file:///home/espeon/.config/nvim
[19:24:11.619][info] [#0:script/workspace/loading.lua:100]: Preload file at: file:///home/espeon/.local/share/nvim/mason/packages/lua-language-server/libexec/meta/Lua%205.4%20en-us%20utf8/basic.lua , size = 15.841 KB
[19:24:11.625][info] [#0:script/workspace/loading.lua:112]: ++++As library of:	file:///home/espeon/.local/share/nvim/mason/packages/lua-language-server/libexec/meta/Lua%205.4%20en-us%20utf8/basic.lua
[19:24:11.625][info] [#0:script/workspace/loading.lua:100]: Preload file at: file:///home/espeon/.config/nvim/lua/config/lazy.lua , size = 1.812 KB
[19:24:11.626][info] [#0:script/workspace/loading.lua:112]: ++++As library of:	file:///home/espeon/.config/nvim/lua
[19:24:11.626][info] [#0:script/workspace/loading.lua:100]: Preload file at: file:///home/espeon/.local/share/nvim/mason/packages/lua-language-server/libexec/meta/Lua%205.4%20en-us%20utf8/coroutine.lua , size = 2.590 KB
[19:24:11.627][info] [#0:script/workspace/loading.lua:112]: ++++As library of:	file:///home/espeon/.local/share/nvim/mason/packages/lua-language-server/libexec/meta/Lua%205.4%20en-us%20utf8/coroutine.lua
[19:24:11.628][info] [#0:script/workspace/loading.lua:100]: Preload file at: file:///home/espeon/.config/nvim/lua/config/keymaps.lua , size = 0.204 KB
[19:24:11.628][info] [#0:script/workspace/loading.lua:112]: ++++As library of:	file:///home/espeon/.config/nvim/lua
[19:24:11.629][info] [#0:script/workspace/loading.lua:100]: Preload file at: file:///home/espeon/.local/share/nvim/mason/packages/lua-language-server/libexec/meta/Lua%205.4%20en-us%20utf8/os.lua , size = 5.600 KB
[19:24:11.631][info] [#0:script/workspace/loading.lua:112]: ++++As library of:	file:///home/espeon/.local/share/nvim/mason/packages/lua-language-server/libexec/meta/Lua%205.4%20en-us%20utf8/os.lua
[19:24:11.631][info] [#0:script/workspace/loading.lua:100]: Preload file at: file:///home/espeon/.local/share/nvim/mason/packages/lua-language-server/libexec/meta/Lua%205.4%20en-us%20utf8/builtin.lua , size = 0.302 KB
[19:24:11.631][info] [#0:script/workspace/loading.lua:112]: ++++As library of:	file:///home/espeon/.local/share/nvim/mason/packages/lua-language-server/libexec/meta/Lua%205.4%20en-us%20utf8/builtin.lua
[19:24:11.631][info] [#0:script/workspace/loading.lua:100]: Preload file at: file:///home/espeon/.config/nvim/lua/config/autocmds.lua , size = 0.414 KB
[19:24:11.631][info] [#0:script/workspace/loading.lua:112]: ++++As library of:	file:///home/espeon/.config/nvim/lua
[19:24:11.631][info] [#0:script/workspace/loading.lua:100]: Preload file at: file:///home/espeon/.local/share/nvim/mason/packages/lua-language-server/libexec/meta/Lua%205.4%20en-us%20utf8/io.lua , size = 6.364 KB
[19:24:11.633][info] [#0:script/workspace/loading.lua:112]: ++++As library of:	file:///home/espeon/.local/share/nvim/mason/packages/lua-language-server/libexec/meta/Lua%205.4%20en-us%20utf8/io.lua
[19:24:11.633][info] [#0:script/workspace/loading.lua:100]: Preload file at: file:///home/espeon/.config/nvim/lua/config/options.lua , size = 0.207 KB
[19:24:11.634][info] [#0:script/workspace/loading.lua:112]: ++++As library of:	file:///home/espeon/.config/nvim/lua
[19:24:11.634][info] [#0:script/workspace/loading.lua:100]: Preload file at: file:///home/espeon/.local/share/nvim/mason/packages/lua-language-server/libexec/meta/Lua%205.4%20en-us%20utf8/package.lua , size = 2.944 KB
[19:24:11.635][info] [#0:script/workspace/loading.lua:112]: ++++As library of:	file:///home/espeon/.local/share/nvim/mason/packages/lua-language-server/libexec/meta/Lua%205.4%20en-us%20utf8/package.lua
[19:24:11.635][info] [#0:script/workspace/loading.lua:100]: Preload file at: file:///home/espeon/.config/nvim/lua/plugins/example.lua , size = 5.171 KB
[19:24:11.636][info] [#0:script/workspace/loading.lua:112]: ++++As library of:	file:///home/espeon/.config/nvim/lua
[19:24:11.636][info] [#0:script/workspace/loading.lua:100]: Preload file at: file:///home/espeon/.local/share/nvim/mason/packages/lua-language-server/libexec/meta/LuaJIT%20en-us%20utf8/ffi.lua , size = 2.529 KB
[19:24:11.639][info] [#0:script/workspace/loading.lua:112]: ++++As library of:	file:///home/espeon/.local/share/nvim/mason/packages/lua-language-server/libexec/meta/LuaJIT%20en-us%20utf8/ffi.lua
[19:24:11.639][info] [#0:script/workspace/loading.lua:100]: Preload file at: file:///home/espeon/.local/share/nvim/mason/packages/lua-language-server/libexec/meta/Lua%205.4%20en-us%20utf8/math.lua , size = 8.509 KB
[19:24:11.642][info] [#0:script/workspace/loading.lua:112]: ++++As library of:	file:///home/espeon/.local/share/nvim/mason/packages/lua-language-server/libexec/meta/Lua%205.4%20en-us%20utf8/math.lua
[19:24:11.642][info] [#0:script/workspace/loading.lua:100]: Preload file at: file:///home/espeon/.local/share/nvim/mason/packages/lua-language-server/libexec/meta/LuaJIT%20en-us%20utf8/string/buffer.lua , size = 18.123 KB
[19:24:11.644][info] [#0:script/workspace/loading.lua:112]: ++++As library of:	file:///home/espeon/.local/share/nvim/mason/packages/lua-language-server/libexec/meta/LuaJIT%20en-us%20utf8/string/buffer.lua
[19:24:11.645][info] [#0:script/workspace/loading.lua:100]: Preload file at: file:///home/espeon/.local/share/nvim/mason/packages/lua-language-server/libexec/meta/Lua%205.4%20en-us%20utf8/string.lua , size = 6.327 KB
[19:24:11.647][info] [#0:script/workspace/loading.lua:112]: ++++As library of:	file:///home/espeon/.local/share/nvim/mason/packages/lua-language-server/libexec/meta/Lua%205.4%20en-us%20utf8/string.lua
[19:24:11.647][info] [#0:script/workspace/loading.lua:100]: Preload file at: file:///home/espeon/.local/share/nvim/mason/packages/lua-language-server/libexec/meta/LuaJIT%20en-us%20utf8/basic.lua , size = 15.443 KB
[19:24:11.653][info] [#0:script/workspace/loading.lua:112]: ++++As library of:	file:///home/espeon/.local/share/nvim/mason/packages/lua-language-server/libexec/meta/LuaJIT%20en-us%20utf8/basic.lua
[19:24:11.653][info] [#0:script/workspace/loading.lua:100]: Preload file at: file:///home/espeon/.local/share/nvim/mason/packages/lua-language-server/libexec/meta/Lua%205.4%20en-us%20utf8/table.lua , size = 4.445 KB
[19:24:11.655][info] [#0:script/workspace/loading.lua:112]: ++++As library of:	file:///home/espeon/.local/share/nvim/mason/packages/lua-language-server/libexec/meta/Lua%205.4%20en-us%20utf8/table.lua
[19:24:11.655][info] [#0:script/workspace/loading.lua:100]: Preload file at: file:///home/espeon/.local/share/nvim/mason/packages/lua-language-server/libexec/meta/LuaJIT%20en-us%20utf8/string.lua , size = 6.310 KB
[19:24:11.657][info] [#0:script/workspace/loading.lua:112]: ++++As library of:	file:///home/espeon/.local/share/nvim/mason/packages/lua-language-server/libexec/meta/LuaJIT%20en-us%20utf8/string.lua
[19:24:11.657][info] [#0:script/workspace/loading.lua:100]: Preload file at: file:///home/espeon/.local/share/nvim/mason/packages/lua-language-server/libexec/meta/Lua%205.4%20en-us%20utf8/utf8.lua , size = 2.386 KB
[19:24:11.658][info] [#0:script/workspace/loading.lua:112]: ++++As library of:	file:///home/espeon/.local/share/nvim/mason/packages/lua-language-server/libexec/meta/Lua%205.4%20en-us%20utf8/utf8.lua
[19:24:11.658][info] [#0:script/workspace/loading.lua:100]: Preload file at: file:///home/espeon/.local/share/nvim/mason/packages/lua-language-server/libexec/meta/LuaJIT%20en-us%20utf8/bit.lua , size = 1.319 KB
[19:24:11.659][info] [#0:script/workspace/loading.lua:112]: ++++As library of:	file:///home/espeon/.local/share/nvim/mason/packages/lua-language-server/libexec/meta/LuaJIT%20en-us%20utf8/bit.lua
[19:24:11.659][info] [#0:script/workspace/loading.lua:100]: Preload file at: file:///home/espeon/.local/share/nvim/mason/packages/lua-language-server/libexec/meta/Lua%205.4%20en-us%20utf8/debug.lua , size = 7.637 KB
[19:24:11.662][info] [#0:script/workspace/loading.lua:112]: ++++As library of:	file:///home/espeon/.local/share/nvim/mason/packages/lua-language-server/libexec/meta/Lua%205.4%20en-us%20utf8/debug.lua
[19:24:11.662][info] [#0:script/workspace/loading.lua:172]: Loaded files takes [0.044] sec: <fallback>
[19:24:11.662][info] [#0:script/workspace/loading.lua:181]: Compile files takes [0.000] sec: <fallback>
[19:24:11.662][info] [#0:script/workspace/loading.lua:182]: Loaded finish:	<fallback>
[19:24:11.662][info] [#0:script/workspace/workspace.lua:381]: Preload finish at:	<fallback>
[19:24:11.664][info] [#0:script/workspace/loading.lua:100]: Preload file at: file:///home/espeon/.local/share/nvim/lazy/LazyVim/lua/lazyvim/util/extras.lua , size = 9.910 KB
[19:24:11.668][info] [#0:script/workspace/loading.lua:112]: ++++As library of:	file:///home/espeon/.local/share/nvim/lazy/LazyVim/lua
[19:24:11.669][info] [#0:script/workspace/loading.lua:100]: Preload file at: file:///home/espeon/.local/share/nvim/lazy/LazyVim/lua/lazyvim/util/root.lua , size = 5.578 KB
[19:24:11.674][info] [#0:script/workspace/loading.lua:112]: ++++As library of:	file:///home/espeon/.local/share/nvim/lazy/LazyVim/lua
[19:24:11.674][info] [#0:script/workspace/loading.lua:100]: Preload file at: file:///home/espeon/.local/share/nvim/lazy/LazyVim/lua/lazyvim/util/lualine.lua , size = 4.914 KB
[19:24:11.677][info] [#0:script/workspace/loading.lua:112]: ++++As library of:	file:///home/espeon/.local/share/nvim/lazy/LazyVim/lua
[19:24:11.677][info] [#0:script/workspace/loading.lua:100]: Preload file at: file:///home/espeon/.local/share/nvim/lazy/LazyVim/lua/lazyvim/util/cmp.lua , size = 5.561 KB
[19:24:11.679][info] [#0:script/workspace/loading.lua:112]: ++++As library of:	file:///home/espeon/.local/share/nvim/lazy/LazyVim/lua
[19:24:11.679][info] [#0:script/workspace/loading.lua:100]: Preload file at: file:///home/espeon/.local/share/nvim/lazy/LazyVim/lua/lazyvim/util/deprecated.lua , size = 1.525 KB
[19:24:11.680][info] [#0:script/workspace/loading.lua:112]: ++++As library of:	file:///home/espeon/.local/share/nvim/lazy/LazyVim/lua
[19:24:11.680][info] [#0:script/workspace/loading.lua:100]: Preload file at: file:///home/espeon/.local/share/nvim/lazy/LazyVim/lua/lazyvim/util/lsp.lua , size = 6.902 KB
[19:24:11.683][info] [#0:script/workspace/loading.lua:112]: ++++As library of:	file:///home/espeon/.local/share/nvim/lazy/LazyVim/lua
[19:24:11.683][info] [#0:script/workspace/loading.lua:100]: Preload file at: file:///home/espeon/.local/share/nvim/lazy/LazyVim/lua/lazyvim/util/json.lua , size = 3.443 KB
[19:24:11.684][info] [#0:script/workspace/loading.lua:112]: ++++As library of:	file:///home/espeon/.local/share/nvim/lazy/LazyVim/lua
[19:24:11.684][info] [#0:script/workspace/loading.lua:100]: Preload file at: file:///home/espeon/.local/share/nvim/lazy/LazyVim/lua/lazyvim/util/terminal.lua , size = 1.168 KB
[19:24:11.685][info] [#0:script/workspace/loading.lua:112]: ++++As library of:	file:///home/espeon/.local/share/nvim/lazy/LazyVim/lua
[19:24:11.685][info] [#0:script/workspace/loading.lua:100]: Preload file at: file:///home/espeon/.local/share/nvim/lazy/LazyVim/lua/lazyvim/util/mini.lua , size = 4.214 KB
[19:24:11.687][info] [#0:script/workspace/loading.lua:112]: ++++As library of:	file:///home/espeon/.local/share/nvim/lazy/LazyVim/lua
[19:24:11.687][info] [#0:script/workspace/loading.lua:100]: Preload file at: file:///home/espeon/.local/share/nvim/lazy/LazyVim/lua/lazyvim/util/inject.lua , size = 0.864 KB
[19:24:11.688][info] [#0:script/workspace/loading.lua:112]: ++++As library of:	file:///home/espeon/.local/share/nvim/lazy/LazyVim/lua
[19:24:11.688][info] [#0:script/workspace/loading.lua:100]: Preload file at: file:///home/espeon/.local/share/nvim/lazy/LazyVim/lua/lazyvim/util/pick.lua , size = 1.844 KB
[19:24:11.689][info] [#0:script/workspace/loading.lua:112]: ++++As library of:	file:///home/espeon/.local/share/nvim/lazy/LazyVim/lua
[19:24:11.689][info] [#0:script/workspace/loading.lua:100]: Preload file at: file:///home/espeon/.local/share/nvim/lazy/LazyVim/lua/lazyvim/util/news.lua , size = 2.121 KB
[19:24:11.690][info] [#0:script/workspace/loading.lua:112]: ++++As library of:	file:///home/espeon/.local/share/nvim/lazy/LazyVim/lua
[19:24:11.690][info] [#0:script/workspace/loading.lua:100]: Preload file at: file:///home/espeon/.local/share/nvim/lazy/LazyVim/lua/lazyvim/util/format.lua , size = 5.351 KB
[19:24:11.693][info] [#0:script/workspace/loading.lua:112]: ++++As library of:	file:///home/espeon/.local/share/nvim/lazy/LazyVim/lua
[19:24:11.693][info] [#0:script/workspace/loading.lua:100]: Preload file at: file:///home/espeon/.local/share/nvim/lazy/LazyVim/lua/lazyvim/util/ui.lua , size = 0.745 KB
[19:24:11.693][info] [#0:script/workspace/loading.lua:112]: ++++As library of:	file:///home/espeon/.local/share/nvim/lazy/LazyVim/lua
[19:24:11.693][info] [#0:script/workspace/loading.lua:100]: Preload file at: file:///home/espeon/.local/share/nvim/lazy/LazyVim/lua/lazyvim/util/init.lua , size = 7.317 KB
[19:24:11.698][info] [#0:script/workspace/loading.lua:112]: ++++As library of:	file:///home/espeon/.local/share/nvim/lazy/LazyVim/lua
[19:24:11.698][info] [#0:script/workspace/loading.lua:100]: Preload file at: file:///home/espeon/.local/share/nvim/lazy/LazyVim/lua/lazyvim/util/plugin.lua , size = 4.117 KB
[19:24:11.700][info] [#0:script/workspace/loading.lua:112]: ++++As library of:	file:///home/espeon/.local/share/nvim/lazy/LazyVim/lua
[19:24:11.700][info] [#0:script/workspace/loading.lua:100]: Preload file at: file:///home/espeon/.local/share/nvim/lazy/LazyVim/lua/lazyvim/types.lua , size = 0.644 KB
[19:24:11.700][info] [#0:script/workspace/loading.lua:112]: ++++As library of:	file:///home/espeon/.local/share/nvim/lazy/LazyVim/lua
[19:24:11.700][info] [#0:script/workspace/loading.lua:100]: Preload file at: file:///home/espeon/.local/share/nvim/lazy/LazyVim/lua/lazyvim/health.lua , size = 1.044 KB
[19:24:11.701][info] [#0:script/workspace/loading.lua:112]: ++++As library of:	file:///home/espeon/.local/share/nvim/lazy/LazyVim/lua
[19:24:11.701][info] [#0:script/workspace/loading.lua:100]: Preload file at: file:///home/espeon/.local/share/nvim/lazy/LazyVim/lua/lazyvim/config/keymaps.lua , size = 9.673 KB
[19:24:11.709][info] [#0:script/workspace/loading.lua:112]: ++++As library of:	file:///home/espeon/.local/share/nvim/lazy/LazyVim/lua
[19:24:11.709][info] [#0:script/workspace/loading.lua:100]: Preload file at: file:///home/espeon/.local/share/nvim/lazy/LazyVim/lua/lazyvim/config/autocmds.lua , size = 3.310 KB
[19:24:11.710][info] [#0:script/workspace/loading.lua:112]: ++++As library of:	file:///home/espeon/.local/share/nvim/lazy/LazyVim/lua
[19:24:11.711][info] [#0:script/workspace/loading.lua:100]: Preload file at: file:///home/espeon/.local/share/nvim/lazy/LazyVim/lua/lazyvim/config/options.lua , size = 4.666 KB
[19:24:11.712][info] [#0:script/workspace/loading.lua:112]: ++++As library of:	file:///home/espeon/.local/share/nvim/lazy/LazyVim/lua
[19:24:11.712][info] [#0:script/workspace/loading.lua:100]: Preload file at: file:///home/espeon/.local/share/nvim/lazy/LazyVim/lua/lazyvim/config/init.lua , size = 11.460 KB
[19:24:11.716][info] [#0:script/workspace/loading.lua:112]: ++++As library of:	file:///home/espeon/.local/share/nvim/lazy/LazyVim/lua
[19:24:11.716][info] [#0:script/workspace/loading.lua:100]: Preload file at: file:///home/espeon/.local/share/nvim/lazy/LazyVim/lua/lazyvim/plugins/extras/ui/mini-animate.lua , size = 1.667 KB
[19:24:11.716][info] [#0:script/workspace/loading.lua:112]: ++++As library of:	file:///home/espeon/.local/share/nvim/lazy/LazyVim/lua
[19:24:11.716][info] [#0:script/workspace/loading.lua:100]: Preload file at: file:///home/espeon/.local/share/nvim/lazy/LazyVim/lua/lazyvim/plugins/extras/ui/dashboard-nvim.lua , size = 3.694 KB
[19:24:11.717][info] [#0:script/workspace/loading.lua:112]: ++++As library of:	file:///home/espeon/.local/share/nvim/lazy/LazyVim/lua
[19:24:11.717][info] [#0:script/workspace/loading.lua:100]: Preload file at: file:///home/espeon/.local/share/nvim/lazy/LazyVim/lua/lazyvim/plugins/extras/ui/treesitter-context.lua , size = 0.464 KB
[19:24:11.718][info] [#0:script/workspace/loading.lua:112]: ++++As library of:	file:///home/espeon/.local/share/nvim/lazy/LazyVim/lua
[19:24:11.718][info] [#0:script/workspace/loading.lua:100]: Preload file at: file:///home/espeon/.local/share/nvim/lazy/LazyVim/lua/lazyvim/plugins/extras/ui/mini-starter.lua , size = 3.733 KB
[19:24:11.719][info] [#0:script/workspace/loading.lua:112]: ++++As library of:	file:///home/espeon/.local/share/nvim/lazy/LazyVim/lua
[19:24:11.719][info] [#0:script/workspace/loading.lua:100]: Preload file at: file:///home/espeon/.local/share/nvim/lazy/LazyVim/lua/lazyvim/plugins/extras/ui/indent-blankline.lua , size = 1.115 KB
[19:24:11.719][info] [#0:script/workspace/loading.lua:112]: ++++As library of:	file:///home/espeon/.local/share/nvim/lazy/LazyVim/lua
[19:24:11.719][info] [#0:script/workspace/loading.lua:100]: Preload file at: file:///home/espeon/.local/share/nvim/lazy/LazyVim/lua/lazyvim/plugins/extras/ui/edgy.lua , size = 5.884 KB
[19:24:11.721][info] [#0:script/workspace/loading.lua:112]: ++++As library of:	file:///home/espeon/.local/share/nvim/lazy/LazyVim/lua
[19:24:11.721][info] [#0:script/workspace/loading.lua:100]: Preload file at: file:///home/espeon/.local/share/nvim/lazy/LazyVim/lua/lazyvim/plugins/extras/ui/alpha.lua , size = 3.605 KB
[19:24:11.722][info] [#0:script/workspace/loading.lua:112]: ++++As library of:	file:///home/espeon/.local/share/nvim/lazy/LazyVim/lua
[19:24:11.722][info] [#0:script/workspace/loading.lua:100]: Preload file at: file:///home/espeon/.local/share/nvim/lazy/LazyVim/lua/lazyvim/plugins/extras/ui/mini-indentscope.lua , size = 1.531 KB
[19:24:11.723][info] [#0:script/workspace/loading.lua:112]: ++++As library of:	file:///home/espeon/.local/share/nvim/lazy/LazyVim/lua
[19:24:11.723][info] [#0:script/workspace/loading.lua:100]: Preload file at: file:///home/espeon/.local/share/nvim/lazy/LazyVim/lua/lazyvim/plugins/extras/ui/smear-cursor.lua , size = 0.342 KB
[19:24:11.723][info] [#0:script/workspace/loading.lua:112]: ++++As library of:	file:///home/espeon/.local/share/nvim/lazy/LazyVim/lua
[19:24:11.723][info] [#0:script/workspace/loading.lua:100]: Preload file at: file:///home/espeon/.local/share/nvim/lazy/LazyVim/lua/lazyvim/plugins/extras/dap/core.lua , size = 5.029 KB
[19:24:11.725][info] [#0:script/workspace/loading.lua:112]: ++++As library of:	file:///home/espeon/.local/share/nvim/lazy/LazyVim/lua
[19:24:11.725][info] [#0:script/workspace/loading.lua:100]: Preload file at: file:///home/espeon/.local/share/nvim/lazy/LazyVim/lua/lazyvim/plugins/extras/dap/nlua.lua , size = 1.084 KB
[19:24:11.726][info] [#0:script/workspace/loading.lua:112]: ++++As library of:	file:///home/espeon/.local/share/nvim/lazy/LazyVim/lua
[19:24:11.726][info] [#0:script/workspace/loading.lua:100]: Preload file at: file:///home/espeon/.local/share/nvim/lazy/LazyVim/lua/lazyvim/plugins/extras/ai/copilot-chat.lua , size = 2.595 KB
[19:24:11.727][info] [#0:script/workspace/loading.lua:112]: ++++As library of:	file:///home/espeon/.local/share/nvim/lazy/LazyVim/lua
[19:24:11.727][info] [#0:script/workspace/loading.lua:100]: Preload file at: file:///home/espeon/.local/share/nvim/lazy/LazyVim/lua/lazyvim/plugins/extras/ai/tabnine.lua , size = 1.509 KB
[19:24:11.728][info] [#0:script/workspace/loading.lua:112]: ++++As library of:	file:///home/espeon/.local/share/nvim/lazy/LazyVim/lua
[19:24:11.728][info] [#0:script/workspace/loading.lua:100]: Preload file at: file:///home/espeon/.local/share/nvim/lazy/LazyVim/lua/lazyvim/plugins/extras/ai/copilot.lua , size = 3.232 KB
[19:24:11.729][info] [#0:script/workspace/loading.lua:112]: ++++As library of:	file:///home/espeon/.local/share/nvim/lazy/LazyVim/lua
[19:24:11.729][info] [#0:script/workspace/loading.lua:100]: Preload file at: file:///home/espeon/.local/share/nvim/lazy/LazyVim/lua/lazyvim/plugins/extras/ai/codeium.lua , size = 1.620 KB
[19:24:11.730][info] [#0:script/workspace/loading.lua:112]: ++++As library of:	file:///home/espeon/.local/share/nvim/lazy/LazyVim/lua
[19:24:11.730][info] [#0:script/workspace/loading.lua:100]: Preload file at: file:///home/espeon/.local/share/nvim/lazy/LazyVim/lua/lazyvim/plugins/extras/ai/supermaven.lua , size = 2.188 KB
[19:24:11.731][info] [#0:script/workspace/loading.lua:112]: ++++As library of:	file:///home/espeon/.local/share/nvim/lazy/LazyVim/lua
[19:24:11.731][info] [#0:script/workspace/loading.lua:100]: Preload file at: file:///home/espeon/.local/share/nvim/lazy/LazyVim/lua/lazyvim/plugins/extras/coding/yanky.lua , size = 2.044 KB
[19:24:11.731][info] [#0:script/workspace/loading.lua:112]: ++++As library of:	file:///home/espeon/.local/share/nvim/lazy/LazyVim/lua
[19:24:11.732][info] [#0:script/workspace/loading.lua:100]: Preload file at: file:///home/espeon/.local/share/nvim/lazy/LazyVim/lua/lazyvim/plugins/extras/coding/blink.lua , size = 5.522 KB
[19:24:11.733][info] [#0:script/workspace/loading.lua:112]: ++++As library of:	file:///home/espeon/.local/share/nvim/lazy/LazyVim/lua
[19:24:11.733][info] [#0:script/workspace/loading.lua:100]: Preload file at: file:///home/espeon/.local/share/nvim/lazy/LazyVim/lua/lazyvim/plugins/extras/coding/luasnip.lua , size = 1.938 KB
[19:24:11.734][info] [#0:script/workspace/loading.lua:112]: ++++As library of:	file:///home/espeon/.local/share/nvim/lazy/LazyVim/lua
[19:24:11.734][info] [#0:script/workspace/loading.lua:100]: Preload file at: file:///home/espeon/.local/share/nvim/lazy/LazyVim/lua/lazyvim/plugins/extras/coding/nvim-cmp.lua , size = 3.700 KB
[19:24:11.735][info] [#0:script/workspace/loading.lua:112]: ++++As library of:	file:///home/espeon/.local/share/nvim/lazy/LazyVim/lua
[19:24:11.735][info] [#0:script/workspace/loading.lua:100]: Preload file at: file:///home/espeon/.local/share/nvim/lazy/LazyVim/lua/lazyvim/plugins/extras/coding/mini-comment.lua , size = 0.407 KB
[19:24:11.736][info] [#0:script/workspace/loading.lua:112]: ++++As library of:	file:///home/espeon/.local/share/nvim/lazy/LazyVim/lua
[19:24:11.736][info] [#0:script/workspace/loading.lua:100]: Preload file at: file:///home/espeon/.local/share/nvim/lazy/LazyVim/lua/lazyvim/plugins/extras/coding/mini-surround.lua , size = 1.421 KB
[19:24:11.736][info] [#0:script/workspace/loading.lua:112]: ++++As library of:	file:///home/espeon/.local/share/nvim/lazy/LazyVim/lua
[19:24:11.737][info] [#0:script/workspace/loading.lua:100]: Preload file at: file:///home/espeon/.local/share/nvim/lazy/LazyVim/lua/lazyvim/plugins/extras/coding/neogen.lua , size = 0.622 KB
[19:24:11.737][info] [#0:script/workspace/loading.lua:112]: ++++As library of:	file:///home/espeon/.local/share/nvim/lazy/LazyVim/lua
[19:24:11.737][info] [#0:script/workspace/loading.lua:100]: Preload file at: file:///home/espeon/.local/share/nvim/lazy/LazyVim/lua/lazyvim/plugins/extras/coding/mini-snippets.lua , size = 5.702 KB
[19:24:11.738][info] [#0:script/workspace/loading.lua:112]: ++++As library of:	file:///home/espeon/.local/share/nvim/lazy/LazyVim/lua
[19:24:11.738][info] [#0:script/workspace/loading.lua:100]: Preload file at: file:///home/espeon/.local/share/nvim/lazy/LazyVim/lua/lazyvim/plugins/extras/editor/mini-diff.lua , size = 1.623 KB
[19:24:11.739][info] [#0:script/workspace/loading.lua:112]: ++++As library of:	file:///home/espeon/.local/share/nvim/lazy/LazyVim/lua
[19:24:11.739][info] [#0:script/workspace/loading.lua:100]: Preload file at: file:///home/espeon/.local/share/nvim/lazy/LazyVim/lua/lazyvim/plugins/extras/editor/mini-files.lua , size = 3.419 KB
[19:24:11.740][info] [#0:script/workspace/loading.lua:112]: ++++As library of:	file:///home/espeon/.local/share/nvim/lazy/LazyVim/lua
[19:24:11.741][info] [#0:script/workspace/loading.lua:100]: Preload file at: file:///home/espeon/.local/share/nvim/lazy/LazyVim/lua/lazyvim/plugins/extras/editor/snacks_explorer.lua , size = 0.565 KB
[19:24:11.741][info] [#0:script/workspace/loading.lua:112]: ++++As library of:	file:///home/espeon/.local/share/nvim/lazy/LazyVim/lua
[19:24:11.741][info] [#0:script/workspace/loading.lua:100]: Preload file at: file:///home/espeon/.local/share/nvim/lazy/LazyVim/lua/lazyvim/plugins/extras/editor/illuminate.lua , size = 1.599 KB
[19:24:11.742][info] [#0:script/workspace/loading.lua:112]: ++++As library of:	file:///home/espeon/.local/share/nvim/lazy/LazyVim/lua
[19:24:11.742][info] [#0:script/workspace/loading.lua:100]: Preload file at: file:///home/espeon/.local/share/nvim/lazy/LazyVim/lua/lazyvim/plugins/extras/editor/snacks_picker.lua , size = 8.451 KB
[19:24:11.745][info] [#0:script/workspace/loading.lua:112]: ++++As library of:	file:///home/espeon/.local/share/nvim/lazy/LazyVim/lua
[19:24:11.745][info] [#0:script/workspace/loading.lua:100]: Preload file at: file:///home/espeon/.local/share/nvim/lazy/LazyVim/lua/lazyvim/plugins/extras/editor/neo-tree.lua , size = 3.901 KB
[19:24:11.753][info] [#0:script/workspace/loading.lua:112]: ++++As library of:	file:///home/espeon/.local/share/nvim/lazy/LazyVim/lua
[19:24:11.753][info] [#0:script/workspace/loading.lua:100]: Preload file at: file:///home/espeon/.local/share/nvim/lazy/LazyVim/lua/lazyvim/plugins/extras/editor/overseer.lua , size = 2.321 KB
[19:24:11.754][info] [#0:script/workspace/loading.lua:112]: ++++As library of:	file:///home/espeon/.local/share/nvim/lazy/LazyVim/lua
[19:24:11.754][info] [#0:script/workspace/loading.lua:100]: Preload file at: file:///home/espeon/.local/share/nvim/lazy/LazyVim/lua/lazyvim/plugins/extras/editor/fzf.lua , size = 11.086 KB
[19:24:11.758][info] [#0:script/workspace/loading.lua:112]: ++++As library of:	file:///home/espeon/.local/share/nvim/lazy/LazyVim/lua
[19:24:11.758][info] [#0:script/workspace/loading.lua:100]: Preload file at: file:///home/espeon/.local/share/nvim/lazy/LazyVim/lua/lazyvim/plugins/extras/editor/telescope.lua , size = 11.491 KB
[19:24:11.761][info] [#0:script/workspace/loading.lua:112]: ++++As library of:	file:///home/espeon/.local/share/nvim/lazy/LazyVim/lua
[19:24:11.761][info] [#0:script/workspace/loading.lua:100]: Preload file at: file:///home/espeon/.local/share/nvim/lazy/LazyVim/lua/lazyvim/plugins/extras/editor/leap.lua , size = 1.694 KB
[19:24:11.761][info] [#0:script/workspace/loading.lua:112]: ++++As library of:	file:///home/espeon/.local/share/nvim/lazy/LazyVim/lua
[19:24:11.761][info] [#0:script/workspace/loading.lua:100]: Preload file at: file:///home/espeon/.local/share/nvim/lazy/LazyVim/lua/lazyvim/plugins/extras/editor/navic.lua , size = 0.934 KB
[19:24:11.762][info] [#0:script/workspace/loading.lua:112]: ++++As library of:	file:///home/espeon/.local/share/nvim/lazy/LazyVim/lua
[19:24:11.762][info] [#0:script/workspace/loading.lua:100]: Preload file at: file:///home/espeon/.local/share/nvim/lazy/LazyVim/lua/lazyvim/plugins/extras/editor/harpoon2.lua , size = 0.805 KB
[19:24:11.762][info] [#0:script/workspace/loading.lua:112]: ++++As library of:	file:///home/espeon/.local/share/nvim/lazy/LazyVim/lua
[19:24:11.762][info] [#0:script/workspace/loading.lua:100]: Preload file at: file:///home/espeon/.local/share/nvim/lazy/LazyVim/lua/lazyvim/plugins/extras/editor/aerial.lua , size = 3.464 KB
[19:24:11.763][info] [#0:script/workspace/loading.lua:112]: ++++As library of:	file:///home/espeon/.local/share/nvim/lazy/LazyVim/lua
[19:24:11.763][info] [#0:script/workspace/loading.lua:100]: Preload file at: file:///home/espeon/.local/share/nvim/lazy/LazyVim/lua/lazyvim/plugins/extras/editor/mini-move.lua , size = 0.086 KB
[19:24:11.764][info] [#0:script/workspace/loading.lua:112]: ++++As library of:	file:///home/espeon/.local/share/nvim/lazy/LazyVim/lua
[19:24:11.764][info] [#0:script/workspace/loading.lua:100]: Preload file at: file:///home/espeon/.local/share/nvim/lazy/LazyVim/lua/lazyvim/plugins/extras/editor/dial.lua , size = 5.035 KB
[19:24:11.765][info] [#0:script/workspace/loading.lua:112]: ++++As library of:	file:///home/espeon/.local/share/nvim/lazy/LazyVim/lua
[19:24:11.765][info] [#0:script/workspace/loading.lua:100]: Preload file at: file:///home/espeon/.local/share/nvim/lazy/LazyVim/lua/lazyvim/plugins/extras/editor/outline.lua , size = 1.504 KB
[19:24:11.766][info] [#0:script/workspace/loading.lua:112]: ++++As library of:	file:///home/espeon/.local/share/nvim/lazy/LazyVim/lua
[19:24:11.766][info] [#0:script/workspace/loading.lua:100]: Preload file at: file:///home/espeon/.local/share/nvim/lazy/LazyVim/lua/lazyvim/plugins/extras/editor/refactoring.lua , size = 3.576 KB
[19:24:11.767][info] [#0:script/workspace/loading.lua:112]: ++++As library of:	file:///home/espeon/.local/share/nvim/lazy/LazyVim/lua
[19:24:11.767][info] [#0:script/workspace/loading.lua:100]: Preload file at: file:///home/espeon/.local/share/nvim/lazy/LazyVim/lua/lazyvim/plugins/extras/editor/inc-rename.lua , size = 0.802 KB
[19:24:11.767][info] [#0:script/workspace/loading.lua:112]: ++++As library of:	file:///home/espeon/.local/share/nvim/lazy/LazyVim/lua
[19:24:11.767][info] [#0:script/workspace/loading.lua:100]: Preload file at: file:///home/espeon/.local/share/nvim/lazy/LazyVim/lua/lazyvim/plugins/extras/lang/helm.lua , size = 0.682 KB
[19:24:11.768][info] [#0:script/workspace/loading.lua:112]: ++++As library of:	file:///home/espeon/.local/share/nvim/lazy/LazyVim/lua
[19:24:11.768][info] [#0:script/workspace/loading.lua:100]: Preload file at: file:///home/espeon/.local/share/nvim/lazy/LazyVim/lua/lazyvim/plugins/extras/lang/tex.lua , size = 1.365 KB
[19:24:11.768][info] [#0:script/workspace/loading.lua:112]: ++++As library of:	file:///home/espeon/.local/share/nvim/lazy/LazyVim/lua
[19:24:11.768][info] [#0:script/workspace/loading.lua:100]: Preload file at: file:///home/espeon/.local/share/nvim/lazy/LazyVim/lua/lazyvim/plugins/extras/lang/clangd.lua , size = 4.346 KB
[19:24:11.769][info] [#0:script/workspace/loading.lua:112]: ++++As library of:	file:///home/espeon/.local/share/nvim/lazy/LazyVim/lua
[19:24:11.770][info] [#0:script/workspace/loading.lua:100]: Preload file at: file:///home/espeon/.local/share/nvim/lazy/LazyVim/lua/lazyvim/plugins/extras/lang/nix.lua , size = 0.406 KB
[19:24:11.770][info] [#0:script/workspace/loading.lua:112]: ++++As library of:	file:///home/espeon/.local/share/nvim/lazy/LazyVim/lua
[19:24:11.771][info] [#0:script/workspace/loading.lua:100]: Preload file at: file:///home/espeon/.local/share/nvim/lazy/LazyVim/lua/lazyvim/plugins/extras/lang/ruby.lua , size = 2.263 KB
[19:24:11.771][info] [#0:script/workspace/loading.lua:112]: ++++As library of:	file:///home/espeon/.local/share/nvim/lazy/LazyVim/lua
[19:24:11.771][info] [#0:script/workspace/loading.lua:100]: Preload file at: file:///home/espeon/.local/share/nvim/lazy/LazyVim/lua/lazyvim/plugins/extras/lang/svelte.lua , size = 1.559 KB
[19:24:11.772][info] [#0:script/workspace/loading.lua:112]: ++++As library of:	file:///home/espeon/.local/share/nvim/lazy/LazyVim/lua
[19:24:11.772][info] [#0:script/workspace/loading.lua:100]: Preload file at: file:///home/espeon/.local/share/nvim/lazy/LazyVim/lua/lazyvim/plugins/extras/lang/docker.lua , size = 0.923 KB
[19:24:11.772][info] [#0:script/workspace/loading.lua:112]: ++++As library of:	file:///home/espeon/.local/share/nvim/lazy/LazyVim/lua
[19:24:11.773][info] [#0:script/workspace/loading.lua:100]: Preload file at: file:///home/espeon/.local/share/nvim/lazy/LazyVim/lua/lazyvim/plugins/extras/lang/zig.lua , size = 0.538 KB
[19:24:11.773][info] [#0:script/workspace/loading.lua:112]: ++++As library of:	file:///home/espeon/.local/share/nvim/lazy/LazyVim/lua
[19:24:11.773][info] [#0:script/workspace/loading.lua:100]: Preload file at: file:///home/espeon/.local/share/nvim/lazy/LazyVim/lua/lazyvim/plugins/extras/lang/terraform.lua , size = 1.918 KB
[19:24:11.773][info] [#0:script/workspace/loading.lua:112]: ++++As library of:	file:///home/espeon/.local/share/nvim/lazy/LazyVim/lua
[19:24:11.774][info] [#0:script/workspace/loading.lua:100]: Preload file at: file:///home/espeon/.local/share/nvim/lazy/LazyVim/lua/lazyvim/plugins/extras/lang/erlang.lua , size = 0.353 KB
[19:24:11.774][info] [#0:script/workspace/loading.lua:112]: ++++As library of:	file:///home/espeon/.local/share/nvim/lazy/LazyVim/lua
[19:24:11.774][info] [#0:script/workspace/loading.lua:100]: Preload file at: file:///home/espeon/.local/share/nvim/lazy/LazyVim/lua/lazyvim/plugins/extras/lang/thrift.lua , size = 0.271 KB
[19:24:11.774][info] [#0:script/workspace/loading.lua:112]: ++++As library of:	file:///home/espeon/.local/share/nvim/lazy/LazyVim/lua
[19:24:11.774][info] [#0:script/workspace/loading.lua:100]: Preload file at: file:///home/espeon/.local/share/nvim/lazy/LazyVim/lua/lazyvim/plugins/extras/lang/astro.lua , size = 1.289 KB
[19:24:11.775][info] [#0:script/workspace/loading.lua:112]: ++++As library of:	file:///home/espeon/.local/share/nvim/lazy/LazyVim/lua
[19:24:11.775][info] [#0:script/workspace/loading.lua:100]: Preload file at: file:///home/espeon/.local/share/nvim/lazy/LazyVim/lua/lazyvim/plugins/extras/lang/r.lua , size = 2.612 KB
[19:24:11.776][info] [#0:script/workspace/loading.lua:112]: ++++As library of:	file:///home/espeon/.local/share/nvim/lazy/LazyVim/lua
[19:24:11.776][info] [#0:script/workspace/loading.lua:100]: Preload file at: file:///home/espeon/.local/share/nvim/lazy/LazyVim/lua/lazyvim/plugins/extras/lang/vue.lua , size = 1.126 KB
[19:24:11.776][info] [#0:script/workspace/loading.lua:112]: ++++As library of:	file:///home/espeon/.local/share/nvim/lazy/LazyVim/lua
[19:24:11.776][info] [#0:script/workspace/loading.lua:100]: Preload file at: file:///home/espeon/.local/share/nvim/lazy/LazyVim/lua/lazyvim/plugins/extras/lang/python.lua , size = 3.923 KB
[19:24:11.778][info] [#0:script/workspace/loading.lua:112]: ++++As library of:	file:///home/espeon/.local/share/nvim/lazy/LazyVim/lua
[19:24:11.778][info] [#0:script/workspace/loading.lua:100]: Preload file at: file:///home/espeon/.local/share/nvim/lazy/LazyVim/lua/lazyvim/plugins/extras/lang/cmake.lua , size = 1.384 KB
[19:24:11.778][info] [#0:script/workspace/loading.lua:112]: ++++As library of:	file:///home/espeon/.local/share/nvim/lazy/LazyVim/lua
[19:24:11.778][info] [#0:script/workspace/loading.lua:100]: Preload file at: file:///home/espeon/.local/share/nvim/lazy/LazyVim/lua/lazyvim/plugins/extras/lang/kotlin.lua , size = 3.083 KB
[19:24:11.779][info] [#0:script/workspace/loading.lua:112]: ++++As library of:	file:///home/espeon/.local/share/nvim/lazy/LazyVim/lua
[19:24:11.779][info] [#0:script/workspace/loading.lua:100]: Preload file at: file:///home/espeon/.local/share/nvim/lazy/LazyVim/lua/lazyvim/plugins/extras/lang/prisma.lua , size = 0.314 KB
[19:24:11.780][info] [#0:script/workspace/loading.lua:112]: ++++As library of:	file:///home/espeon/.local/share/nvim/lazy/LazyVim/lua
[19:24:11.780][info] [#0:script/workspace/loading.lua:100]: Preload file at: file:///home/espeon/.local/share/nvim/lazy/LazyVim/lua/lazyvim/plugins/extras/lang/ocaml.lua , size = 1.036 KB
[19:24:11.780][info] [#0:script/workspace/loading.lua:112]: ++++As library of:	file:///home/espeon/.local/share/nvim/lazy/LazyVim/lua
[19:24:11.780][info] [#0:script/workspace/loading.lua:100]: Preload file at: file:///home/espeon/.local/share/nvim/lazy/LazyVim/lua/lazyvim/plugins/extras/lang/nushell.lua , size = 0.242 KB
[19:24:11.781][info] [#0:script/workspace/loading.lua:112]: ++++As library of:	file:///home/espeon/.local/share/nvim/lazy/LazyVim/lua
[19:24:11.781][info] [#0:script/workspace/loading.lua:100]: Preload file at: file:///home/espeon/.local/share/nvim/lazy/LazyVim/lua/lazyvim/plugins/extras/lang/json.lua , size = 1.062 KB
[19:24:11.781][info] [#0:script/workspace/loading.lua:112]: ++++As library of:	file:///home/espeon/.local/share/nvim/lazy/LazyVim/lua
[19:24:11.781][info] [#0:script/workspace/loading.lua:100]: Preload file at: file:///home/espeon/.local/share/nvim/lazy/LazyVim/lua/lazyvim/plugins/extras/lang/ansible.lua , size = 0.599 KB
[19:24:11.781][info] [#0:script/workspace/loading.lua:112]: ++++As library of:	file:///home/espeon/.local/share/nvim/lazy/LazyVim/lua
[19:24:11.782][info] [#0:script/workspace/loading.lua:100]: Preload file at: file:///home/espeon/.local/share/nvim/lazy/LazyVim/lua/lazyvim/plugins/extras/lang/scala.lua , size = 2.618 KB
[19:24:11.782][info] [#0:script/workspace/loading.lua:112]: ++++As library of:	file:///home/espeon/.local/share/nvim/lazy/LazyVim/lua
[19:24:11.782][info] [#0:script/workspace/loading.lua:100]: Preload file at: file:///home/espeon/.local/share/nvim/lazy/LazyVim/lua/lazyvim/plugins/extras/lang/go.lua , size = 4.065 KB
[19:24:11.783][info] [#0:script/workspace/loading.lua:112]: ++++As library of:	file:///home/espeon/.local/share/nvim/lazy/LazyVim/lua
[19:24:11.783][info] [#0:script/workspace/loading.lua:100]: Preload file at: file:///home/espeon/.local/share/nvim/lazy/LazyVim/lua/lazyvim/plugins/extras/lang/java.lua , size = 10.909 KB
[19:24:11.786][info] [#0:script/workspace/loading.lua:112]: ++++As library of:	file:///home/espeon/.local/share/nvim/lazy/LazyVim/lua
[19:24:11.786][info] [#0:script/workspace/loading.lua:100]: Preload file at: file:///home/espeon/.local/share/nvim/lazy/LazyVim/lua/lazyvim/plugins/extras/lang/php.lua , size = 1.778 KB
[19:24:11.787][info] [#0:script/workspace/loading.lua:112]: ++++As library of:	file:///home/espeon/.local/share/nvim/lazy/LazyVim/lua
[19:24:11.787][info] [#0:script/workspace/loading.lua:100]: Preload file at: file:///home/espeon/.local/share/nvim/lazy/LazyVim/lua/lazyvim/plugins/extras/lang/tailwind.lua , size = 2.113 KB
[19:24:11.788][info] [#0:script/workspace/loading.lua:112]: ++++As library of:	file:///home/espeon/.local/share/nvim/lazy/LazyVim/lua
[19:24:11.788][info] [#0:script/workspace/loading.lua:100]: Preload file at: file:///home/espeon/.local/share/nvim/lazy/LazyVim/lua/lazyvim/plugins/extras/lang/elixir.lua , size = 2.505 KB
[19:24:11.789][info] [#0:script/workspace/loading.lua:112]: ++++As library of:	file:///home/espeon/.local/share/nvim/lazy/LazyVim/lua
[19:24:11.789][info] [#0:script/workspace/loading.lua:100]: Preload file at: file:///home/espeon/.local/share/nvim/lazy/LazyVim/lua/lazyvim/plugins/extras/lang/git.lua , size = 0.560 KB
[19:24:11.789][info] [#0:script/workspace/loading.lua:112]: ++++As library of:	file:///home/espeon/.local/share/nvim/lazy/LazyVim/lua
[19:24:11.789][info] [#0:script/workspace/loading.lua:100]: Preload file at: file:///home/espeon/.local/share/nvim/lazy/LazyVim/lua/lazyvim/plugins/extras/lang/clojure.lua , size = 2.857 KB
[19:24:11.790][info] [#0:script/workspace/loading.lua:112]: ++++As library of:	file:///home/espeon/.local/share/nvim/lazy/LazyVim/lua
[19:24:11.790][info] [#0:script/workspace/loading.lua:100]: Preload file at: file:///home/espeon/.local/share/nvim/lazy/LazyVim/lua/lazyvim/plugins/extras/lang/sql.lua , size = 4.541 KB
[19:24:11.791][info] [#0:script/workspace/loading.lua:112]: ++++As library of:	file:///home/espeon/.local/share/nvim/lazy/LazyVim/lua
[19:24:11.792][info] [#0:script/workspace/loading.lua:100]: Preload file at: file:///home/espeon/.local/share/nvim/lazy/LazyVim/lua/lazyvim/plugins/extras/lang/elm.lua , size = 0.510 KB
[19:24:11.792][info] [#0:script/workspace/loading.lua:112]: ++++As library of:	file:///home/espeon/.local/share/nvim/lazy/LazyVim/lua
[19:24:11.792][info] [#0:script/workspace/loading.lua:100]: Preload file at: file:///home/espeon/.local/share/nvim/lazy/LazyVim/lua/lazyvim/plugins/extras/lang/rust.lua , size = 4.335 KB
[19:24:11.793][info] [#0:script/workspace/loading.lua:112]: ++++As library of:	file:///home/espeon/.local/share/nvim/lazy/LazyVim/lua
[19:24:11.793][info] [#0:script/workspace/loading.lua:100]: Preload file at: file:///home/espeon/.local/share/nvim/lazy/LazyVim/lua/lazyvim/plugins/extras/lang/angular.lua , size = 1.795 KB
[19:24:11.794][info] [#0:script/workspace/loading.lua:112]: ++++As library of:	file:///home/espeon/.local/share/nvim/lazy/LazyVim/lua
[19:24:11.794][info] [#0:script/workspace/loading.lua:100]: Preload file at: file:///home/espeon/.local/share/nvim/lazy/LazyVim/lua/lazyvim/plugins/extras/lang/haskell.lua , size = 2.073 KB
[19:24:11.795][info] [#0:script/workspace/loading.lua:112]: ++++As library of:	file:///home/espeon/.local/share/nvim/lazy/LazyVim/lua
[19:24:11.795][info] [#0:script/workspace/loading.lua:100]: Preload file at: file:///home/espeon/.local/share/nvim/lazy/LazyVim/lua/lazyvim/plugins/extras/lang/typescript.lua , size = 9.266 KB
[19:24:11.797][info] [#0:script/workspace/loading.lua:112]: ++++As library of:	file:///home/espeon/.local/share/nvim/lazy/LazyVim/lua
[19:24:11.797][info] [#0:script/workspace/loading.lua:100]: Preload file at: file:///home/espeon/.local/share/nvim/lazy/LazyVim/lua/lazyvim/plugins/extras/lang/toml.lua , size = 0.207 KB
[19:24:11.798][info] [#0:script/workspace/loading.lua:112]: ++++As library of:	file:///home/espeon/.local/share/nvim/lazy/LazyVim/lua
[19:24:11.798][info] [#0:script/workspace/loading.lua:100]: Preload file at: file:///home/espeon/.local/share/nvim/lazy/LazyVim/lua/lazyvim/plugins/extras/lang/yaml.lua , size = 1.952 KB
[19:24:11.798][info] [#0:script/workspace/loading.lua:112]: ++++As library of:	file:///home/espeon/.local/share/nvim/lazy/LazyVim/lua
[19:24:11.798][info] [#0:script/workspace/loading.lua:100]: Preload file at: file:///home/espeon/.local/share/nvim/lazy/LazyVim/lua/lazyvim/plugins/extras/lang/rego.lua , size = 0.275 KB
[19:24:11.799][info] [#0:script/workspace/loading.lua:112]: ++++As library of:	file:///home/espeon/.local/share/nvim/lazy/LazyVim/lua
[19:24:11.799][info] [#0:script/workspace/loading.lua:100]: Preload file at: file:///home/espeon/.local/share/nvim/lazy/LazyVim/lua/lazyvim/plugins/extras/lang/markdown.lua , size = 3.022 KB
[19:24:11.800][info] [#0:script/workspace/loading.lua:112]: ++++As library of:	file:///home/espeon/.local/share/nvim/lazy/LazyVim/lua
[19:24:11.800][info] [#0:script/workspace/loading.lua:100]: Preload file at: file:///home/espeon/.local/share/nvim/lazy/LazyVim/lua/lazyvim/plugins/extras/lang/gleam.lua , size = 0.272 KB
[19:24:11.800][info] [#0:script/workspace/loading.lua:112]: ++++As library of:	file:///home/espeon/.local/share/nvim/lazy/LazyVim/lua
[19:24:11.800][info] [#0:script/workspace/loading.lua:100]: Preload file at: file:///home/espeon/.local/share/nvim/lazy/LazyVim/lua/lazyvim/plugins/extras/lang/lean.lua , size = 4.225 KB
[19:24:11.801][info] [#0:script/workspace/loading.lua:112]: ++++As library of:	file:///home/espeon/.local/share/nvim/lazy/LazyVim/lua
[19:24:11.801][info] [#0:script/workspace/loading.lua:100]: Preload file at: file:///home/espeon/.local/share/nvim/lazy/LazyVim/lua/lazyvim/plugins/extras/lang/omnisharp.lua , size = 2.948 KB
[19:24:11.802][info] [#0:script/workspace/loading.lua:112]: ++++As library of:	file:///home/espeon/.local/share/nvim/lazy/LazyVim/lua
[19:24:11.802][info] [#0:script/workspace/loading.lua:100]: Preload file at: file:///home/espeon/.local/share/nvim/lazy/LazyVim/lua/lazyvim/plugins/extras/vscode.lua , size = 2.317 KB
[19:24:11.803][info] [#0:script/workspace/loading.lua:112]: ++++As library of:	file:///home/espeon/.local/share/nvim/lazy/LazyVim/lua
[19:24:11.803][info] [#0:script/workspace/loading.lua:100]: Preload file at: file:///home/espeon/.local/share/nvim/lazy/LazyVim/lua/lazyvim/plugins/extras/formatting/biome.lua , size = 1.238 KB
[19:24:11.804][info] [#0:script/workspace/loading.lua:112]: ++++As library of:	file:///home/espeon/.local/share/nvim/lazy/LazyVim/lua
[19:24:11.804][info] [#0:script/workspace/loading.lua:100]: Preload file at: file:///home/espeon/.local/share/nvim/lazy/LazyVim/lua/lazyvim/plugins/extras/formatting/black.lua , size = 0.516 KB
[19:24:11.804][info] [#0:script/workspace/loading.lua:112]: ++++As library of:	file:///home/espeon/.local/share/nvim/lazy/LazyVim/lua
[19:24:11.804][info] [#0:script/workspace/loading.lua:100]: Preload file at: file:///home/espeon/.local/share/nvim/lazy/LazyVim/lua/lazyvim/plugins/extras/formatting/prettier.lua , size = 2.487 KB
[19:24:11.805][info] [#0:script/workspace/loading.lua:112]: ++++As library of:	file:///home/espeon/.local/share/nvim/lazy/LazyVim/lua
[19:24:11.806][info] [#0:script/workspace/loading.lua:100]: Preload file at: file:///home/espeon/.local/share/nvim/lazy/LazyVim/lua/lazyvim/plugins/extras/util/rest.lua , size = 1.679 KB
[19:24:11.820][info] [#0:script/workspace/loading.lua:112]: ++++As library of:	file:///home/espeon/.local/share/nvim/lazy/LazyVim/lua
[19:24:11.820][info] [#0:script/workspace/loading.lua:100]: Preload file at: file:///home/espeon/.local/share/nvim/lazy/LazyVim/lua/lazyvim/plugins/extras/util/gitui.lua , size = 0.785 KB
[19:24:11.820][info] [#0:script/workspace/loading.lua:112]: ++++As library of:	file:///home/espeon/.local/share/nvim/lazy/LazyVim/lua
[19:24:11.820][info] [#0:script/workspace/loading.lua:100]: Preload file at: file:///home/espeon/.local/share/nvim/lazy/LazyVim/lua/lazyvim/plugins/extras/util/octo.lua , size = 2.658 KB
[19:24:11.821][info] [#0:script/workspace/loading.lua:112]: ++++As library of:	file:///home/espeon/.local/share/nvim/lazy/LazyVim/lua
[19:24:11.822][info] [#0:script/workspace/loading.lua:100]: Preload file at: file:///home/espeon/.local/share/nvim/lazy/LazyVim/lua/lazyvim/plugins/extras/util/startuptime.lua , size = 0.146 KB
[19:24:11.822][info] [#0:script/workspace/loading.lua:112]: ++++As library of:	file:///home/espeon/.local/share/nvim/lazy/LazyVim/lua
[19:24:11.822][info] [#0:script/workspace/loading.lua:100]: Preload file at: file:///home/espeon/.local/share/nvim/lazy/LazyVim/lua/lazyvim/plugins/extras/util/chezmoi.lua , size = 3.687 KB
[19:24:11.823][info] [#0:script/workspace/loading.lua:112]: ++++As library of:	file:///home/espeon/.local/share/nvim/lazy/LazyVim/lua
[19:24:11.823][info] [#0:script/workspace/loading.lua:100]: Preload file at: file:///home/espeon/.local/share/nvim/lazy/LazyVim/lua/lazyvim/plugins/extras/util/dot.lua , size = 1.401 KB
[19:24:11.824][info] [#0:script/workspace/loading.lua:112]: ++++As library of:	file:///home/espeon/.local/share/nvim/lazy/LazyVim/lua
[19:24:11.824][info] [#0:script/workspace/loading.lua:100]: Preload file at: file:///home/espeon/.local/share/nvim/lazy/LazyVim/lua/lazyvim/plugins/extras/util/project.lua , size = 4.702 KB
[19:24:11.826][info] [#0:script/workspace/loading.lua:112]: ++++As library of:	file:///home/espeon/.local/share/nvim/lazy/LazyVim/lua
[19:24:11.826][info] [#0:script/workspace/loading.lua:100]: Preload file at: file:///home/espeon/.local/share/nvim/lazy/LazyVim/lua/lazyvim/plugins/extras/util/mini-hipatterns.lua , size = 8.486 KB
[19:24:11.829][info] [#0:script/workspace/loading.lua:112]: ++++As library of:	file:///home/espeon/.local/share/nvim/lazy/LazyVim/lua
[19:24:11.829][info] [#0:script/workspace/loading.lua:100]: Preload file at: file:///home/espeon/.local/share/nvim/lazy/LazyVim/lua/lazyvim/plugins/extras/linting/eslint.lua , size = 1.833 KB
[19:24:11.830][info] [#0:script/workspace/loading.lua:112]: ++++As library of:	file:///home/espeon/.local/share/nvim/lazy/LazyVim/lua
[19:24:11.830][info] [#0:script/workspace/loading.lua:100]: Preload file at: file:///home/espeon/.local/share/nvim/lazy/LazyVim/lua/lazyvim/plugins/extras/test/core.lua , size = 4.863 KB
[19:24:11.831][info] [#0:script/workspace/loading.lua:112]: ++++As library of:	file:///home/espeon/.local/share/nvim/lazy/LazyVim/lua
[19:24:11.832][info] [#0:script/workspace/loading.lua:100]: Preload file at: file:///home/espeon/.local/share/nvim/lazy/LazyVim/lua/lazyvim/plugins/extras/lsp/none-ls.lua , size = 1.348 KB
[19:24:11.832][info] [#0:script/workspace/loading.lua:112]: ++++As library of:	file:///home/espeon/.local/share/nvim/lazy/LazyVim/lua
[19:24:11.832][info] [#0:script/workspace/loading.lua:100]: Preload file at: file:///home/espeon/.local/share/nvim/lazy/LazyVim/lua/lazyvim/plugins/extras/lsp/neoconf.lua , size = 0.164 KB
[19:24:11.832][info] [#0:script/workspace/loading.lua:112]: ++++As library of:	file:///home/espeon/.local/share/nvim/lazy/LazyVim/lua
[19:24:11.832][info] [#0:script/workspace/loading.lua:100]: Preload file at: file:///home/espeon/.local/share/nvim/lazy/LazyVim/lua/lazyvim/plugins/editor.lua , size = 8.687 KB
[19:24:11.835][info] [#0:script/workspace/loading.lua:112]: ++++As library of:	file:///home/espeon/.local/share/nvim/lazy/LazyVim/lua
[19:24:11.835][info] [#0:script/workspace/loading.lua:100]: Preload file at: file:///home/espeon/.local/share/nvim/lazy/LazyVim/lua/lazyvim/plugins/formatting.lua , size = 3.232 KB
[19:24:11.836][info] [#0:script/workspace/loading.lua:112]: ++++As library of:	file:///home/espeon/.local/share/nvim/lazy/LazyVim/lua
[19:24:11.836][info] [#0:script/workspace/loading.lua:100]: Preload file at: file:///home/espeon/.local/share/nvim/lazy/LazyVim/lua/lazyvim/plugins/xtras.lua , size = 1.725 KB
[19:24:11.837][info] [#0:script/workspace/loading.lua:112]: ++++As library of:	file:///home/espeon/.local/share/nvim/lazy/LazyVim/lua
[19:24:11.837][info] [#0:script/workspace/loading.lua:100]: Preload file at: file:///home/espeon/.local/share/nvim/lazy/LazyVim/lua/lazyvim/plugins/linting.lua , size = 3.503 KB
[19:24:11.838][info] [#0:script/workspace/loading.lua:112]: ++++As library of:	file:///home/espeon/.local/share/nvim/lazy/LazyVim/lua
[19:24:11.838][info] [#0:script/workspace/loading.lua:100]: Preload file at: file:///home/espeon/.local/share/nvim/lazy/LazyVim/lua/lazyvim/plugins/treesitter.lua , size = 4.375 KB
[19:24:11.839][info] [#0:script/workspace/loading.lua:112]: ++++As library of:	file:///home/espeon/.local/share/nvim/lazy/LazyVim/lua
[19:24:11.839][info] [#0:script/workspace/loading.lua:100]: Preload file at: file:///home/espeon/.local/share/nvim/lazy/LazyVim/lua/lazyvim/plugins/compat/nvim-0_9.lua , size = 1.075 KB
[19:24:11.840][info] [#0:script/workspace/loading.lua:112]: ++++As library of:	file:///home/espeon/.local/share/nvim/lazy/LazyVim/lua
[19:24:11.840][info] [#0:script/workspace/loading.lua:100]: Preload file at: file:///home/espeon/.local/share/nvim/lazy/LazyVim/lua/lazyvim/plugins/colorscheme.lua , size = 1.508 KB
[19:24:11.840][info] [#0:script/workspace/loading.lua:112]: ++++As library of:	file:///home/espeon/.local/share/nvim/lazy/LazyVim/lua
[19:24:11.841][info] [#0:script/workspace/loading.lua:100]: Preload file at: file:///home/espeon/.local/share/nvim/lazy/LazyVim/lua/lazyvim/plugins/util.lua , size = 1.980 KB
[19:24:11.841][info] [#0:script/workspace/loading.lua:112]: ++++As library of:	file:///home/espeon/.local/share/nvim/lazy/LazyVim/lua
[19:24:11.841][info] [#0:script/workspace/loading.lua:100]: Preload file at: file:///home/espeon/.local/share/nvim/lazy/LazyVim/lua/lazyvim/plugins/coding.lua , size = 2.443 KB
[19:24:11.842][info] [#0:script/workspace/loading.lua:112]: ++++As library of:	file:///home/espeon/.local/share/nvim/lazy/LazyVim/lua
[19:24:11.842][info] [#0:script/workspace/loading.lua:100]: Preload file at: file:///home/espeon/.local/share/nvim/lazy/LazyVim/lua/lazyvim/plugins/lsp/keymaps.lua , size = 4.052 KB
[19:24:11.844][info] [#0:script/workspace/loading.lua:112]: ++++As library of:	file:///home/espeon/.local/share/nvim/lazy/LazyVim/lua
[19:24:11.844][info] [#0:script/workspace/loading.lua:100]: Preload file at: file:///home/espeon/.local/share/nvim/lazy/LazyVim/lua/lazyvim/plugins/lsp/init.lua , size = 10.020 KB
[19:24:11.847][info] [#0:script/workspace/loading.lua:112]: ++++As library of:	file:///home/espeon/.local/share/nvim/lazy/LazyVim/lua
[19:24:11.847][info] [#0:script/workspace/loading.lua:100]: Preload file at: file:///home/espeon/.local/share/nvim/lazy/LazyVim/lua/lazyvim/plugins/ui.lua , size = 12.364 KB
[19:24:11.850][info] [#0:script/workspace/loading.lua:112]: ++++As library of:	file:///home/espeon/.local/share/nvim/lazy/LazyVim/lua
[19:24:11.850][info] [#0:script/workspace/loading.lua:100]: Preload file at: file:///home/espeon/.local/share/nvim/lazy/LazyVim/lua/lazyvim/plugins/init.lua , size = 0.827 KB
[19:24:11.851][info] [#0:script/workspace/loading.lua:112]: ++++As library of:	file:///home/espeon/.local/share/nvim/lazy/LazyVim/lua
[19:24:11.851][info] [#0:script/workspace/loading.lua:100]: Preload file at: file:///home/espeon/.local/share/nvim/lazy/LazyVim/lua/lazyvim/init.lua , size = 0.146 KB
[19:24:11.851][info] [#0:script/workspace/loading.lua:112]: ++++As library of:	file:///home/espeon/.local/share/nvim/lazy/LazyVim/lua
[19:24:11.851][info] [#0:script/workspace/loading.lua:100]: Preload file at: file:///home/espeon/.local/share/nvim/mason/packages/lua-language-server/libexec/meta/LuaJIT%20en-us%20utf8/math.lua , size = 7.949 KB
[19:24:11.854][info] [#0:script/workspace/loading.lua:112]: ++++As library of:	file:///home/espeon/.local/share/nvim/mason/packages/lua-language-server/libexec/meta/LuaJIT%20en-us%20utf8/math.lua
[19:24:11.854][info] [#0:script/workspace/loading.lua:100]: Preload file at: file:///home/espeon/.local/share/nvim/mason/packages/lua-language-server/libexec/meta/LuaJIT%20en-us%20utf8/table/new.lua , size = 0.642 KB
[19:24:11.854][info] [#0:script/workspace/loading.lua:112]: ++++As library of:	file:///home/espeon/.local/share/nvim/mason/packages/lua-language-server/libexec/meta/LuaJIT%20en-us%20utf8/table/new.lua
[19:24:11.854][info] [#0:script/workspace/loading.lua:100]: Preload file at: file:///home/espeon/.local/share/nvim/mason/packages/lua-language-server/libexec/meta/LuaJIT%20en-us%20utf8/builtin.lua , size = 0.302 KB
[19:24:11.854][info] [#0:script/workspace/loading.lua:112]: ++++As library of:	file:///home/espeon/.local/share/nvim/mason/packages/lua-language-server/libexec/meta/LuaJIT%20en-us%20utf8/builtin.lua
[19:24:11.854][info] [#0:script/workspace/loading.lua:100]: Preload file at: file:///home/espeon/.local/share/nvim/mason/packages/lua-language-server/libexec/meta/LuaJIT%20en-us%20utf8/table/clear.lua , size = 0.797 KB
[19:24:11.855][info] [#0:script/workspace/loading.lua:112]: ++++As library of:	file:///home/espeon/.local/share/nvim/mason/packages/lua-language-server/libexec/meta/LuaJIT%20en-us%20utf8/table/clear.lua
[19:24:11.855][info] [#0:script/workspace/loading.lua:100]: Preload file at: file:///home/espeon/.local/share/nvim/mason/packages/lua-language-server/libexec/meta/LuaJIT%20en-us%20utf8/debug.lua , size = 7.310 KB
[19:24:11.857][info] [#0:script/workspace/loading.lua:112]: ++++As library of:	file:///home/espeon/.local/share/nvim/mason/packages/lua-language-server/libexec/meta/LuaJIT%20en-us%20utf8/debug.lua
[19:24:11.858][info] [#0:script/workspace/loading.lua:100]: Preload file at: file:///home/espeon/.local/share/nvim/mason/packages/lua-language-server/libexec/meta/LuaJIT%20en-us%20utf8/os.lua , size = 5.600 KB
[19:24:11.859][info] [#0:script/workspace/loading.lua:112]: ++++As library of:	file:///home/espeon/.local/share/nvim/mason/packages/lua-language-server/libexec/meta/LuaJIT%20en-us%20utf8/os.lua
[19:24:11.860][info] [#0:script/workspace/loading.lua:100]: Preload file at: file:///home/espeon/.local/share/nvim/mason/packages/lua-language-server/libexec/meta/LuaJIT%20en-us%20utf8/jit/profile.lua , size = 0.348 KB
[19:24:11.860][info] [#0:script/workspace/loading.lua:112]: ++++As library of:	file:///home/espeon/.local/share/nvim/mason/packages/lua-language-server/libexec/meta/LuaJIT%20en-us%20utf8/jit/profile.lua
[19:24:11.860][info] [#0:script/workspace/loading.lua:100]: Preload file at: file:///home/espeon/.local/share/nvim/mason/packages/lua-language-server/libexec/meta/LuaJIT%20en-us%20utf8/coroutine.lua , size = 2.541 KB
[19:24:11.861][info] [#0:script/workspace/loading.lua:112]: ++++As library of:	file:///home/espeon/.local/share/nvim/mason/packages/lua-language-server/libexec/meta/LuaJIT%20en-us%20utf8/coroutine.lua
[19:24:11.861][info] [#0:script/workspace/loading.lua:100]: Preload file at: file:///home/espeon/.local/share/nvim/lazy/lazy.nvim/lua/lazy/status.lua , size = 0.353 KB
[19:24:11.862][info] [#0:script/workspace/loading.lua:112]: ++++As library of:	file:///home/espeon/.local/share/nvim/lazy/lazy.nvim/lua
[19:24:11.862][info] [#0:script/workspace/loading.lua:100]: Preload file at: file:///home/espeon/.local/share/nvim/lazy/lazy.nvim/lua/lazy/state.lua , size = 0.859 KB
[19:24:11.862][info] [#0:script/workspace/loading.lua:112]: ++++As library of:	file:///home/espeon/.local/share/nvim/lazy/lazy.nvim/lua
[19:24:11.862][info] [#0:script/workspace/loading.lua:100]: Preload file at: file:///home/espeon/.local/share/nvim/lazy/lazy.nvim/lua/lazy/docs.lua , size = 4.729 KB
[19:24:11.865][info] [#0:script/workspace/loading.lua:112]: ++++As library of:	file:///home/espeon/.local/share/nvim/lazy/lazy.nvim/lua
[19:24:11.865][info] [#0:script/workspace/loading.lua:100]: Preload file at: file:///home/espeon/.local/share/nvim/lazy/lazy.nvim/lua/lazy/minit.lua , size = 4.986 KB
[19:24:11.867][info] [#0:script/workspace/loading.lua:112]: ++++As library of:	file:///home/espeon/.local/share/nvim/lazy/lazy.nvim/lua
[19:24:11.867][info] [#0:script/workspace/loading.lua:100]: Preload file at: file:///home/espeon/.local/share/nvim/lazy/lazy.nvim/lua/lazy/stats.lua , size = 2.153 KB
[19:24:11.868][info] [#0:script/workspace/loading.lua:112]: ++++As library of:	file:///home/espeon/.local/share/nvim/lazy/lazy.nvim/lua
[19:24:11.868][info] [#0:script/workspace/loading.lua:100]: Preload file at: file:///home/espeon/.local/share/nvim/lazy/lazy.nvim/lua/lazy/build.lua , size = 3.018 KB
[19:24:11.870][info] [#0:script/workspace/loading.lua:112]: ++++As library of:	file:///home/espeon/.local/share/nvim/lazy/lazy.nvim/lua
[19:24:11.870][info] [#0:script/workspace/loading.lua:100]: Preload file at: file:///home/espeon/.local/share/nvim/lazy/lazy.nvim/lua/lazy/example.lua , size = 2.644 KB
[19:24:11.870][info] [#0:script/workspace/loading.lua:112]: ++++As library of:	file:///home/espeon/.local/share/nvim/lazy/lazy.nvim/lua
[19:24:11.871][info] [#0:script/workspace/loading.lua:100]: Preload file at: file:///home/espeon/.local/share/nvim/lazy/lazy.nvim/lua/lazy/view/float.lua , size = 9.536 KB
[19:24:11.875][info] [#0:script/workspace/loading.lua:112]: ++++As library of:	file:///home/espeon/.local/share/nvim/lazy/lazy.nvim/lua
[19:24:11.875][info] [#0:script/workspace/loading.lua:100]: Preload file at: file:///home/espeon/.local/share/nvim/lazy/lazy.nvim/lua/lazy/view/commands.lua , size = 3.899 KB
[19:24:11.877][info] [#0:script/workspace/loading.lua:112]: ++++As library of:	file:///home/espeon/.local/share/nvim/lazy/lazy.nvim/lua
[19:24:11.877][info] [#0:script/workspace/loading.lua:100]: Preload file at: file:///home/espeon/.local/share/nvim/lazy/lazy.nvim/lua/lazy/view/config.lua , size = 3.507 KB
[19:24:11.879][info] [#0:script/workspace/loading.lua:112]: ++++As library of:	file:///home/espeon/.local/share/nvim/lazy/lazy.nvim/lua
[19:24:11.879][info] [#0:script/workspace/loading.lua:100]: Preload file at: file:///home/espeon/.local/share/nvim/lazy/lazy.nvim/lua/lazy/view/colors.lua , size = 1.820 KB
[19:24:11.881][info] [#0:script/workspace/loading.lua:112]: ++++As library of:	file:///home/espeon/.local/share/nvim/lazy/lazy.nvim/lua
[19:24:11.881][info] [#0:script/workspace/loading.lua:100]: Preload file at: file:///home/espeon/.local/share/nvim/lazy/lazy.nvim/lua/lazy/view/text.lua , size = 3.813 KB
[19:24:11.883][info] [#0:script/workspace/loading.lua:112]: ++++As library of:	file:///home/espeon/.local/share/nvim/lazy/lazy.nvim/lua
[19:24:11.884][info] [#0:script/workspace/loading.lua:100]: Preload file at: file:///home/espeon/.local/share/nvim/lazy/lazy.nvim/lua/lazy/view/diff.lua , size = 1.585 KB
[19:24:11.885][info] [#0:script/workspace/loading.lua:112]: ++++As library of:	file:///home/espeon/.local/share/nvim/lazy/lazy.nvim/lua
[19:24:11.885][info] [#0:script/workspace/loading.lua:100]: Preload file at: file:///home/espeon/.local/share/nvim/lazy/lazy.nvim/lua/lazy/view/render.lua , size = 23.020 KB
[19:24:11.895][info] [#0:script/workspace/loading.lua:112]: ++++As library of:	file:///home/espeon/.local/share/nvim/lazy/lazy.nvim/lua
[19:24:11.895][info] [#0:script/workspace/loading.lua:100]: Preload file at: file:///home/espeon/.local/share/nvim/lazy/lazy.nvim/lua/lazy/view/sections.lua , size = 2.430 KB
[19:24:11.919][info] [#0:script/workspace/loading.lua:112]: ++++As library of:	file:///home/espeon/.local/share/nvim/lazy/lazy.nvim/lua
[19:24:11.919][info] [#0:script/workspace/loading.lua:100]: Preload file at: file:///home/espeon/.local/share/nvim/lazy/lazy.nvim/lua/lazy/view/init.lua , size = 9.394 KB
[19:24:11.924][info] [#0:script/workspace/loading.lua:112]: ++++As library of:	file:///home/espeon/.local/share/nvim/lazy/lazy.nvim/lua
[19:24:11.924][info] [#0:script/workspace/loading.lua:100]: Preload file at: file:///home/espeon/.local/share/nvim/lazy/lazy.nvim/lua/lazy/terminal.lua , size = 2.394 KB
[19:24:11.926][info] [#0:script/workspace/loading.lua:112]: ++++As library of:	file:///home/espeon/.local/share/nvim/lazy/lazy.nvim/lua
[19:24:11.926][info] [#0:script/workspace/loading.lua:100]: Preload file at: file:///home/espeon/.local/share/nvim/lazy/lazy.nvim/lua/lazy/help.lua , size = 2.216 KB
[19:24:11.927][info] [#0:script/workspace/loading.lua:112]: ++++As library of:	file:///home/espeon/.local/share/nvim/lazy/lazy.nvim/lua
[19:24:11.927][info] [#0:script/workspace/loading.lua:100]: Preload file at: file:///home/espeon/.local/share/nvim/lazy/lazy.nvim/lua/lazy/pkg/lazy.lua , size = 0.720 KB
[19:24:11.927][info] [#0:script/workspace/loading.lua:112]: ++++As library of:	file:///home/espeon/.local/share/nvim/lazy/lazy.nvim/lua
[19:24:11.928][info] [#0:script/workspace/loading.lua:100]: Preload file at: file:///home/espeon/.local/share/nvim/lazy/lazy.nvim/lua/lazy/pkg/packspec.lua , size = 1.137 KB
[19:24:11.928][info] [#0:script/workspace/loading.lua:112]: ++++As library of:	file:///home/espeon/.local/share/nvim/lazy/lazy.nvim/lua
[19:24:11.928][info] [#0:script/workspace/loading.lua:100]: Preload file at: file:///home/espeon/.local/share/nvim/lazy/lazy.nvim/lua/lazy/pkg/rockspec.lua , size = 8.005 KB
[19:24:11.932][info] [#0:script/workspace/loading.lua:112]: ++++As library of:	file:///home/espeon/.local/share/nvim/lazy/lazy.nvim/lua
[19:24:11.932][info] [#0:script/workspace/loading.lua:100]: Preload file at: file:///home/espeon/.local/share/nvim/lazy/lazy.nvim/lua/lazy/pkg/init.lua , size = 3.028 KB
[19:24:11.933][info] [#0:script/workspace/loading.lua:112]: ++++As library of:	file:///home/espeon/.local/share/nvim/lazy/lazy.nvim/lua
[19:24:11.933][info] [#0:script/workspace/loading.lua:100]: Preload file at: file:///home/espeon/.local/share/nvim/lazy/lazy.nvim/lua/lazy/core/fragments.lua , size = 4.215 KB
[19:24:11.935][info] [#0:script/workspace/loading.lua:112]: ++++As library of:	file:///home/espeon/.local/share/nvim/lazy/lazy.nvim/lua
[19:24:11.935][info] [#0:script/workspace/loading.lua:100]: Preload file at: file:///home/espeon/.local/share/nvim/lazy/lazy.nvim/lua/lazy/core/cache.lua , size = 16.584 KB
[19:24:11.942][info] [#0:script/workspace/loading.lua:112]: ++++As library of:	file:///home/espeon/.local/share/nvim/lazy/lazy.nvim/lua
[19:24:11.942][info] [#0:script/workspace/loading.lua:100]: Preload file at: file:///home/espeon/.local/share/nvim/lazy/lazy.nvim/lua/lazy/core/config.lua , size = 11.991 KB
[19:24:11.945][info] [#0:script/workspace/loading.lua:112]: ++++As library of:	file:///home/espeon/.local/share/nvim/lazy/lazy.nvim/lua
[19:24:11.945][info] [#0:script/workspace/loading.lua:100]: Preload file at: file:///home/espeon/.local/share/nvim/lazy/lazy.nvim/lua/lazy/core/loader.lua , size = 14.966 KB
[19:24:11.950][info] [#0:script/workspace/loading.lua:112]: ++++As library of:	file:///home/espeon/.local/share/nvim/lazy/lazy.nvim/lua
[19:24:11.951][info] [#0:script/workspace/loading.lua:100]: Preload file at: file:///home/espeon/.local/share/nvim/lazy/lazy.nvim/lua/lazy/core/util.lua , size = 12.333 KB
[19:24:11.957][info] [#0:script/workspace/loading.lua:112]: ++++As library of:	file:///home/espeon/.local/share/nvim/lazy/lazy.nvim/lua
[19:24:11.957][info] [#0:script/workspace/loading.lua:100]: Preload file at: file:///home/espeon/.local/share/nvim/lazy/lazy.nvim/lua/lazy/core/meta.lua , size = 9.355 KB
[19:24:11.960][info] [#0:script/workspace/loading.lua:112]: ++++As library of:	file:///home/espeon/.local/share/nvim/lazy/lazy.nvim/lua
[19:24:11.960][info] [#0:script/workspace/loading.lua:100]: Preload file at: file:///home/espeon/.local/share/nvim/lazy/lazy.nvim/lua/lazy/core/handler/ft.lua , size = 0.442 KB
[19:24:11.961][info] [#0:script/workspace/loading.lua:112]: ++++As library of:	file:///home/espeon/.local/share/nvim/lazy/lazy.nvim/lua
[19:24:11.961][info] [#0:script/workspace/loading.lua:100]: Preload file at: file:///home/espeon/.local/share/nvim/lazy/lazy.nvim/lua/lazy/core/handler/keys.lua , size = 5.294 KB
[19:24:11.964][info] [#0:script/workspace/loading.lua:112]: ++++As library of:	file:///home/espeon/.local/share/nvim/lazy/lazy.nvim/lua
[19:24:11.964][info] [#0:script/workspace/loading.lua:100]: Preload file at: file:///home/espeon/.local/share/nvim/lazy/lazy.nvim/lua/lazy/core/handler/event.lua , size = 4.956 KB
[19:24:11.966][info] [#0:script/workspace/loading.lua:112]: ++++As library of:	file:///home/espeon/.local/share/nvim/lazy/lazy.nvim/lua
[19:24:11.966][info] [#0:script/workspace/loading.lua:100]: Preload file at: file:///home/espeon/.local/share/nvim/lazy/lazy.nvim/lua/lazy/core/handler/cmd.lua , size = 1.638 KB
[19:24:11.967][info] [#0:script/workspace/loading.lua:112]: ++++As library of:	file:///home/espeon/.local/share/nvim/lazy/lazy.nvim/lua
[19:24:11.967][info] [#0:script/workspace/loading.lua:100]: Preload file at: file:///home/espeon/.local/share/nvim/lazy/lazy.nvim/lua/lazy/core/handler/init.lua , size = 3.170 KB
[19:24:11.969][info] [#0:script/workspace/loading.lua:112]: ++++As library of:	file:///home/espeon/.local/share/nvim/lazy/lazy.nvim/lua
[19:24:11.969][info] [#0:script/workspace/loading.lua:100]: Preload file at: file:///home/espeon/.local/share/nvim/lazy/lazy.nvim/lua/lazy/core/plugin.lua , size = 12.370 KB
[19:24:11.976][info] [#0:script/workspace/loading.lua:112]: ++++As library of:	file:///home/espeon/.local/share/nvim/lazy/lazy.nvim/lua
[19:24:11.976][info] [#0:script/workspace/loading.lua:100]: Preload file at: file:///home/espeon/.local/share/nvim/lazy/lazy.nvim/lua/lazy/manage/process.lua , size = 5.447 KB
[19:24:11.980][info] [#0:script/workspace/loading.lua:112]: ++++As library of:	file:///home/espeon/.local/share/nvim/lazy/lazy.nvim/lua
[19:24:11.980][info] [#0:script/workspace/loading.lua:100]: Preload file at: file:///home/espeon/.local/share/nvim/lazy/lazy.nvim/lua/lazy/manage/checker.lua , size = 2.479 KB
[19:24:11.982][info] [#0:script/workspace/loading.lua:112]: ++++As library of:	file:///home/espeon/.local/share/nvim/lazy/lazy.nvim/lua
[19:24:11.982][info] [#0:script/workspace/loading.lua:100]: Preload file at: file:///home/espeon/.local/share/nvim/lazy/lazy.nvim/lua/lazy/manage/reloader.lua , size = 2.817 KB
[19:24:11.983][info] [#0:script/workspace/loading.lua:112]: ++++As library of:	file:///home/espeon/.local/share/nvim/lazy/lazy.nvim/lua
[19:24:11.983][info] [#0:script/workspace/loading.lua:100]: Preload file at: file:///home/espeon/.local/share/nvim/lazy/lazy.nvim/lua/lazy/manage/runner.lua , size = 4.847 KB
[19:24:11.986][info] [#0:script/workspace/loading.lua:112]: ++++As library of:	file:///home/espeon/.local/share/nvim/lazy/lazy.nvim/lua
[19:24:11.986][info] [#0:script/workspace/loading.lua:100]: Preload file at: file:///home/espeon/.local/share/nvim/lazy/lazy.nvim/lua/lazy/manage/git.lua , size = 6.279 KB
[19:24:11.989][info] [#0:script/workspace/loading.lua:112]: ++++As library of:	file:///home/espeon/.local/share/nvim/lazy/lazy.nvim/lua
[19:24:11.989][info] [#0:script/workspace/loading.lua:100]: Preload file at: file:///home/espeon/.local/share/nvim/lazy/lazy.nvim/lua/lazy/manage/semver.lua , size = 4.455 KB
[19:24:11.991][info] [#0:script/workspace/loading.lua:112]: ++++As library of:	file:///home/espeon/.local/share/nvim/lazy/lazy.nvim/lua
[19:24:11.991][info] [#0:script/workspace/loading.lua:100]: Preload file at: file:///home/espeon/.local/share/nvim/lazy/lazy.nvim/lua/lazy/manage/lock.lua , size = 1.668 KB
[19:24:11.993][info] [#0:script/workspace/loading.lua:112]: ++++As library of:	file:///home/espeon/.local/share/nvim/lazy/lazy.nvim/lua
[19:24:11.993][info] [#0:script/workspace/loading.lua:100]: Preload file at: file:///home/espeon/.local/share/nvim/lazy/lazy.nvim/lua/lazy/manage/init.lua , size = 5.940 KB
[19:24:11.996][info] [#0:script/workspace/loading.lua:112]: ++++As library of:	file:///home/espeon/.local/share/nvim/lazy/lazy.nvim/lua
[19:24:11.996][info] [#0:script/workspace/loading.lua:100]: Preload file at: file:///home/espeon/.local/share/nvim/lazy/lazy.nvim/lua/lazy/manage/task/fs.lua , size = 1.002 KB
[19:24:11.997][info] [#0:script/workspace/loading.lua:112]: ++++As library of:	file:///home/espeon/.local/share/nvim/lazy/lazy.nvim/lua
[19:24:11.997][info] [#0:script/workspace/loading.lua:100]: Preload file at: file:///home/espeon/.local/share/nvim/lazy/lazy.nvim/lua/lazy/manage/task/git.lua , size = 10.135 KB
[19:24:12.001][info] [#0:script/workspace/loading.lua:112]: ++++As library of:	file:///home/espeon/.local/share/nvim/lazy/lazy.nvim/lua
[19:24:12.001][info] [#0:script/workspace/loading.lua:100]: Preload file at: file:///home/espeon/.local/share/nvim/lazy/lazy.nvim/lua/lazy/manage/task/init.lua , size = 5.805 KB
[19:24:12.005][info] [#0:script/workspace/loading.lua:112]: ++++As library of:	file:///home/espeon/.local/share/nvim/lazy/lazy.nvim/lua
[19:24:12.005][info] [#0:script/workspace/loading.lua:100]: Preload file at: file:///home/espeon/.local/share/nvim/lazy/lazy.nvim/lua/lazy/manage/task/plugin.lua , size = 2.765 KB
[19:24:12.006][info] [#0:script/workspace/loading.lua:112]: ++++As library of:	file:///home/espeon/.local/share/nvim/lazy/lazy.nvim/lua
[19:24:12.006][info] [#0:script/workspace/loading.lua:100]: Preload file at: file:///home/espeon/.local/share/nvim/lazy/lazy.nvim/lua/lazy/async.lua , size = 4.302 KB
[19:24:12.009][info] [#0:script/workspace/loading.lua:112]: ++++As library of:	file:///home/espeon/.local/share/nvim/lazy/lazy.nvim/lua
[19:24:12.009][info] [#0:script/workspace/loading.lua:100]: Preload file at: file:///home/espeon/.local/share/nvim/lazy/lazy.nvim/lua/lazy/util.lua , size = 6.888 KB
[19:24:12.013][info] [#0:script/workspace/loading.lua:112]: ++++As library of:	file:///home/espeon/.local/share/nvim/lazy/lazy.nvim/lua
[19:24:12.013][info] [#0:script/workspace/loading.lua:100]: Preload file at: file:///home/espeon/.local/share/nvim/lazy/lazy.nvim/lua/lazy/types.lua , size = 3.732 KB
[19:24:12.015][info] [#0:script/workspace/loading.lua:112]: ++++As library of:	file:///home/espeon/.local/share/nvim/lazy/lazy.nvim/lua
[19:24:12.015][info] [#0:script/workspace/loading.lua:100]: Preload file at: file:///home/espeon/.local/share/nvim/lazy/lazy.nvim/lua/lazy/health.lua , size = 5.792 KB
[19:24:12.018][info] [#0:script/workspace/loading.lua:112]: ++++As library of:	file:///home/espeon/.local/share/nvim/lazy/lazy.nvim/lua
[19:24:12.018][info] [#0:script/workspace/loading.lua:100]: Preload file at: file:///home/espeon/.local/share/nvim/lazy/lazy.nvim/lua/lazy/community/specs.lua , size = 0.115 KB
[19:24:12.019][info] [#0:script/workspace/loading.lua:112]: ++++As library of:	file:///home/espeon/.local/share/nvim/lazy/lazy.nvim/lua
[19:24:12.019][info] [#0:script/workspace/loading.lua:100]: Preload file at: file:///home/espeon/.local/share/nvim/lazy/lazy.nvim/lua/lazy/community/init.lua , size = 0.511 KB
[19:24:12.019][info] [#0:script/workspace/loading.lua:112]: ++++As library of:	file:///home/espeon/.local/share/nvim/lazy/lazy.nvim/lua
[19:24:12.019][info] [#0:script/workspace/loading.lua:100]: Preload file at: file:///home/espeon/.local/share/nvim/lazy/lazy.nvim/lua/lazy/community/_generated.lua , size = 58.290 KB
[19:24:12.031][info] [#0:script/workspace/loading.lua:112]: ++++As library of:	file:///home/espeon/.local/share/nvim/lazy/lazy.nvim/lua
[19:24:12.031][info] [#0:script/workspace/loading.lua:100]: Preload file at: file:///home/espeon/.local/share/nvim/lazy/lazy.nvim/lua/lazy/init.lua , size = 3.749 KB
[19:24:12.034][info] [#0:script/workspace/loading.lua:112]: ++++As library of:	file:///home/espeon/.local/share/nvim/lazy/lazy.nvim/lua
[19:24:12.034][info] [#0:script/workspace/loading.lua:100]: Preload file at: file:///home/espeon/.local/share/nvim/mason/packages/lua-language-server/libexec/meta/LuaJIT%20en-us%20utf8/jit/util.lua , size = 1.984 KB
[19:24:12.035][info] [#0:script/workspace/loading.lua:112]: ++++As library of:	file:///home/espeon/.local/share/nvim/mason/packages/lua-language-server/libexec/meta/LuaJIT%20en-us%20utf8/jit/util.lua
[19:24:12.035][info] [#0:script/workspace/loading.lua:100]: Preload file at: file:///home/espeon/.local/share/nvim/mason/packages/lua-language-server/libexec/meta/LuaJIT%20en-us%20utf8/io.lua , size = 6.364 KB
[19:24:12.065][info] [#0:script/workspace/loading.lua:112]: ++++As library of:	file:///home/espeon/.local/share/nvim/mason/packages/lua-language-server/libexec/meta/LuaJIT%20en-us%20utf8/io.lua
[19:24:12.065][info] [#0:script/workspace/loading.lua:100]: Preload file at: file:///home/espeon/.local/share/nvim/mason/packages/lua-language-server/libexec/meta/LuaJIT%20en-us%20utf8/package.lua , size = 2.699 KB
[19:24:12.066][info] [#0:script/workspace/loading.lua:112]: ++++As library of:	file:///home/espeon/.local/share/nvim/mason/packages/lua-language-server/libexec/meta/LuaJIT%20en-us%20utf8/package.lua
[19:24:12.067][info] [#0:script/workspace/loading.lua:100]: Preload file at: file:///home/espeon/.local/share/nvim/mason/packages/lua-language-server/libexec/meta/LuaJIT%20en-us%20utf8/table.lua , size = 4.445 KB
[19:24:12.068][info] [#0:script/workspace/loading.lua:112]: ++++As library of:	file:///home/espeon/.local/share/nvim/mason/packages/lua-language-server/libexec/meta/LuaJIT%20en-us%20utf8/table.lua
[19:24:12.069][info] [#0:script/workspace/loading.lua:100]: Preload file at: file:///usr/local/share/nvim/runtime/lua/jit/dis_mips64.lua , size = 0.689 KB
[19:24:12.069][info] [#0:script/workspace/loading.lua:112]: ++++As library of:	file:///usr/local/share/nvim/runtime/lua
[19:24:12.069][info] [#0:script/workspace/loading.lua:100]: Preload file at: file:///usr/local/share/nvim/runtime/lua/jit/zone.lua , size = 0.979 KB
[19:24:12.069][info] [#0:script/workspace/loading.lua:112]: ++++As library of:	file:///usr/local/share/nvim/runtime/lua
[19:24:12.070][info] [#0:script/workspace/loading.lua:100]: Preload file at: file:///usr/local/share/nvim/runtime/lua/jit/dis_arm64be.lua , size = 0.604 KB
[19:24:12.070][info] [#0:script/workspace/loading.lua:112]: ++++As library of:	file:///usr/local/share/nvim/runtime/lua
[19:24:12.070][info] [#0:script/workspace/loading.lua:100]: Preload file at: file:///usr/local/share/nvim/runtime/lua/jit/dis_mips64r6.lua , size = 0.700 KB
[19:24:12.070][info] [#0:script/workspace/loading.lua:112]: ++++As library of:	file:///usr/local/share/nvim/runtime/lua
[19:24:12.070][info] [#0:script/workspace/loading.lua:100]: Preload file at: file:///usr/local/share/nvim/runtime/lua/jit/dis_mips64el.lua , size = 0.700 KB
[19:24:12.071][info] [#0:script/workspace/loading.lua:112]: ++++As library of:	file:///usr/local/share/nvim/runtime/lua
[19:24:12.071][info] [#0:script/workspace/loading.lua:100]: Preload file at: file:///usr/local/share/nvim/runtime/lua/jit/v.lua , size = 5.731 KB
[19:24:12.072][info] [#0:script/workspace/loading.lua:112]: ++++As library of:	file:///usr/local/share/nvim/runtime/lua
[19:24:12.072][info] [#0:script/workspace/loading.lua:100]: Preload file at: file:///usr/local/share/nvim/runtime/lua/jit/dis_arm.lua , size = 18.891 KB
[19:24:12.080][info] [#0:script/workspace/loading.lua:112]: ++++As library of:	file:///usr/local/share/nvim/runtime/lua
[19:24:12.080][info] [#0:script/workspace/loading.lua:100]: Preload file at: file:///usr/local/share/nvim/runtime/lua/jit/dis_x64.lua , size = 0.695 KB
[19:24:12.080][info] [#0:script/workspace/loading.lua:112]: ++++As library of:	file:///usr/local/share/nvim/runtime/lua
[19:24:12.080][info] [#0:script/workspace/loading.lua:100]: Preload file at: file:///usr/local/share/nvim/runtime/lua/jit/vmdef.lua , size = 7.920 KB
[19:24:12.082][info] [#0:script/workspace/loading.lua:112]: ++++As library of:	file:///usr/local/share/nvim/runtime/lua
[19:24:12.082][info] [#0:script/workspace/loading.lua:100]: Preload file at: file:///usr/local/share/nvim/runtime/lua/jit/p.lua , size = 8.891 KB
[19:24:12.085][info] [#0:script/workspace/loading.lua:112]: ++++As library of:	file:///usr/local/share/nvim/runtime/lua
[19:24:12.085][info] [#0:script/workspace/loading.lua:100]: Preload file at: file:///usr/local/share/nvim/runtime/lua/jit/dis_mips64r6el.lua , size = 0.711 KB
[19:24:12.086][info] [#0:script/workspace/loading.lua:112]: ++++As library of:	file:///usr/local/share/nvim/runtime/lua
[19:24:12.086][info] [#0:script/workspace/loading.lua:100]: Preload file at: file:///usr/local/share/nvim/runtime/lua/jit/bcsave.lua , size = 17.091 KB
[19:24:12.091][info] [#0:script/workspace/loading.lua:112]: ++++As library of:	file:///usr/local/share/nvim/runtime/lua
[19:24:12.091][info] [#0:script/workspace/loading.lua:100]: Preload file at: file:///usr/local/share/nvim/runtime/lua/jit/dis_mips.lua , size = 21.494 KB
[19:24:12.098][info] [#0:script/workspace/loading.lua:112]: ++++As library of:	file:///usr/local/share/nvim/runtime/lua
[19:24:12.099][info] [#0:script/workspace/loading.lua:100]: Preload file at: file:///usr/local/share/nvim/runtime/lua/jit/bc.lua , size = 5.417 KB
[19:24:12.101][info] [#0:script/workspace/loading.lua:112]: ++++As library of:	file:///usr/local/share/nvim/runtime/lua
[19:24:12.101][info] [#0:script/workspace/loading.lua:100]: Preload file at: file:///usr/local/share/nvim/runtime/lua/jit/dump.lua , size = 20.269 KB
[19:24:12.108][info] [#0:script/workspace/loading.lua:112]: ++++As library of:	file:///usr/local/share/nvim/runtime/lua
[19:24:12.108][info] [#0:script/workspace/loading.lua:100]: Preload file at: file:///usr/local/share/nvim/runtime/lua/jit/dis_mipsel.lua , size = 0.698 KB
[19:24:12.108][info] [#0:script/workspace/loading.lua:112]: ++++As library of:	file:///usr/local/share/nvim/runtime/lua
[19:24:12.109][info] [#0:script/workspace/loading.lua:100]: Preload file at: file:///usr/local/share/nvim/runtime/lua/jit/dis_x86.lua , size = 33.033 KB
[19:24:12.120][info] [#0:script/workspace/loading.lua:112]: ++++As library of:	file:///usr/local/share/nvim/runtime/lua
[19:24:12.120][info] [#0:script/workspace/loading.lua:100]: Preload file at: file:///usr/local/share/nvim/runtime/lua/jit/dis_ppc.lua , size = 19.825 KB
[19:24:12.127][info] [#0:script/workspace/loading.lua:112]: ++++As library of:	file:///usr/local/share/nvim/runtime/lua
[19:24:12.127][info] [#0:script/workspace/loading.lua:100]: Preload file at: file:///usr/local/share/nvim/runtime/lua/jit/dis_arm64.lua , size = 29.441 KB
[19:24:12.140][info] [#0:script/workspace/loading.lua:112]: ++++As library of:	file:///usr/local/share/nvim/runtime/lua
[19:24:12.140][info] [#0:script/workspace/loading.lua:100]: Preload file at: file:///usr/local/share/nvim/runtime/lua/man.lua , size = 23.687 KB
[19:24:12.149][info] [#0:script/workspace/loading.lua:112]: ++++As library of:	file:///usr/local/share/nvim/runtime/lua
[19:24:12.149][info] [#0:script/workspace/loading.lua:100]: Preload file at: file:///usr/local/share/nvim/runtime/lua/coxpcall.lua , size = 3.451 KB
[19:24:12.150][info] [#0:script/workspace/loading.lua:112]: ++++As library of:	file:///usr/local/share/nvim/runtime/lua
[19:24:12.150][info] [#0:script/workspace/loading.lua:100]: Preload file at: file:///usr/local/share/nvim/runtime/lua/nvim/health.lua , size = 12.509 KB
[19:24:12.155][info] [#0:script/workspace/loading.lua:112]: ++++As library of:	file:///usr/local/share/nvim/runtime/lua
[19:24:12.155][info] [#0:script/workspace/loading.lua:100]: Preload file at: file:///usr/local/share/nvim/runtime/lua/vim/glob.lua , size = 3.001 KB
[19:24:12.157][info] [#0:script/workspace/loading.lua:112]: ++++As library of:	file:///usr/local/share/nvim/runtime/lua
[19:24:12.157][info] [#0:script/workspace/loading.lua:100]: Preload file at: file:///usr/local/share/nvim/runtime/lua/vim/secure.lua , size = 5.018 KB
[19:24:12.159][info] [#0:script/workspace/loading.lua:112]: ++++As library of:	file:///usr/local/share/nvim/runtime/lua
[19:24:12.159][info] [#0:script/workspace/loading.lua:100]: Preload file at: file:///usr/local/share/nvim/runtime/lua/vim/ui/clipboard/osc52.lua , size = 2.137 KB
[19:24:12.160][info] [#0:script/workspace/loading.lua:112]: ++++As library of:	file:///usr/local/share/nvim/runtime/lua
[19:24:12.160][info] [#0:script/workspace/loading.lua:100]: Preload file at: file:///usr/local/share/nvim/runtime/lua/vim/_init_packages.lua , size = 3.023 KB
[19:24:12.162][info] [#0:script/workspace/loading.lua:112]: ++++As library of:	file:///usr/local/share/nvim/runtime/lua
[19:24:12.162][info] [#0:script/workspace/loading.lua:100]: Preload file at: file:///usr/local/share/nvim/runtime/lua/vim/F.lua , size = 1.076 KB
[19:24:12.162][info] [#0:script/workspace/loading.lua:112]: ++++As library of:	file:///usr/local/share/nvim/runtime/lua
[19:24:12.163][info] [#0:script/workspace/loading.lua:100]: Preload file at: file:///usr/local/share/nvim/runtime/lua/vim/func/_memoize.lua , size = 1.354 KB
[19:24:12.164][info] [#0:script/workspace/loading.lua:112]: ++++As library of:	file:///usr/local/share/nvim/runtime/lua
[19:24:12.164][info] [#0:script/workspace/loading.lua:100]: Preload file at: file:///usr/local/share/nvim/runtime/lua/vim/func.lua , size = 1.753 KB
[19:24:12.164][info] [#0:script/workspace/loading.lua:112]: ++++As library of:	file:///usr/local/share/nvim/runtime/lua
[19:24:12.164][info] [#0:script/workspace/loading.lua:100]: Preload file at: file:///usr/local/share/nvim/runtime/lua/vim/inspect.lua , size = 8.864 KB
[19:24:12.168][info] [#0:script/workspace/loading.lua:112]: ++++As library of:	file:///usr/local/share/nvim/runtime/lua
[19:24:12.168][info] [#0:script/workspace/loading.lua:100]: Preload file at: file:///usr/local/share/nvim/runtime/lua/vim/_meta/api_keysets_extra.lua , size = 4.535 KB
[19:24:12.170][info] [#0:script/workspace/loading.lua:112]: ++++As library of:	file:///usr/local/share/nvim/runtime/lua
[19:24:12.170][info] [#0:script/workspace/loading.lua:100]: Preload file at: file:///usr/local/share/nvim/runtime/lua/vim/snippet.lua , size = 20.081 KB
[19:24:12.180][info] [#0:script/workspace/loading.lua:112]: ++++As library of:	file:///usr/local/share/nvim/runtime/lua
[19:24:12.180][info] [#0:script/workspace/loading.lua:100]: Preload file at: file:///usr/local/share/nvim/runtime/lua/vim/_meta/mpack.lua , size = 0.478 KB
[19:24:12.180][info] [#0:script/workspace/loading.lua:112]: ++++As library of:	file:///usr/local/share/nvim/runtime/lua
[19:24:12.180][info] [#0:script/workspace/loading.lua:100]: Preload file at: file:///usr/local/share/nvim/runtime/lua/vim/_meta/api.lua , size = 97.321 KB
[19:24:12.202][info] [#0:script/workspace/loading.lua:112]: ++++As library of:	file:///usr/local/share/nvim/runtime/lua
[19:24:12.202][info] [#0:script/workspace/loading.lua:100]: Preload file at: file:///usr/local/share/nvim/runtime/lua/vim/_meta/regex.lua , size = 1.347 KB
[19:24:12.203][info] [#0:script/workspace/loading.lua:112]: ++++As library of:	file:///usr/local/share/nvim/runtime/lua
[19:24:12.203][info] [#0:script/workspace/loading.lua:100]: Preload file at: file:///usr/local/share/nvim/runtime/lua/vim/_meta/builtin_types.lua , size = 3.362 KB
[19:24:12.204][info] [#0:script/workspace/loading.lua:112]: ++++As library of:	file:///usr/local/share/nvim/runtime/lua
[19:24:12.204][info] [#0:script/workspace/loading.lua:100]: Preload file at: file:///usr/local/share/nvim/runtime/lua/vim/_meta/lpeg.lua , size = 15.348 KB
[19:24:12.208][info] [#0:script/workspace/loading.lua:112]: ++++As library of:	file:///usr/local/share/nvim/runtime/lua
[19:24:12.208][info] [#0:script/workspace/loading.lua:100]: Preload file at: file:///usr/local/share/nvim/runtime/lua/vim/_meta/re.lua , size = 2.217 KB
[19:24:12.209][info] [#0:script/workspace/loading.lua:112]: ++++As library of:	file:///usr/local/share/nvim/runtime/lua
[19:24:12.209][info] [#0:script/workspace/loading.lua:100]: Preload file at: file:///usr/local/share/nvim/runtime/lua/vim/_meta/api_keysets.lua , size = 8.292 KB
[19:24:12.213][info] [#0:script/workspace/loading.lua:112]: ++++As library of:	file:///usr/local/share/nvim/runtime/lua
[19:24:12.213][info] [#0:script/workspace/loading.lua:100]: Preload file at: file:///usr/local/share/nvim/runtime/lua/vim/_meta/json.lua , size = 1.359 KB
[19:24:12.214][info] [#0:script/workspace/loading.lua:112]: ++++As library of:	file:///usr/local/share/nvim/runtime/lua
[19:24:12.214][info] [#0:script/workspace/loading.lua:100]: Preload file at: file:///usr/local/share/nvim/runtime/lua/vim/_meta/misc.lua , size = 0.291 KB
[19:24:12.214][info] [#0:script/workspace/loading.lua:112]: ++++As library of:	file:///usr/local/share/nvim/runtime/lua
[19:24:12.214][info] [#0:script/workspace/loading.lua:100]: Preload file at: file:///usr/local/share/nvim/runtime/lua/vim/_meta/spell.lua , size = 0.943 KB
[19:24:12.215][info] [#0:script/workspace/loading.lua:112]: ++++As library of:	file:///usr/local/share/nvim/runtime/lua
[19:24:12.215][info] [#0:script/workspace/loading.lua:100]: Preload file at: file:///usr/local/share/nvim/runtime/lua/vim/_meta/base64.lua , size = 0.307 KB
[19:24:12.215][info] [#0:script/workspace/loading.lua:112]: ++++As library of:	file:///usr/local/share/nvim/runtime/lua
[19:24:12.215][info] [#0:script/workspace/loading.lua:100]: Preload file at: file:///usr/local/share/nvim/runtime/lua/vim/_meta/diff.lua , size = 2.492 KB
[19:24:12.216][info] [#0:script/workspace/loading.lua:112]: ++++As library of:	file:///usr/local/share/nvim/runtime/lua
[19:24:12.217][info] [#0:script/workspace/loading.lua:100]: Preload file at: file:///usr/local/share/nvim/runtime/lua/vim/_meta/builtin.lua , size = 11.183 KB
[19:24:12.219][info] [#0:script/workspace/loading.lua:112]: ++++As library of:	file:///usr/local/share/nvim/runtime/lua
[19:24:12.220][info] [#0:script/workspace/loading.lua:100]: Preload file at: file:///usr/local/share/nvim/runtime/lua/vim/_meta/options.lua , size = 323.972 KB
[19:24:12.339][info] [#0:script/workspace/loading.lua:112]: ++++As library of:	file:///usr/local/share/nvim/runtime/lua
[19:24:12.339][info] [#0:script/workspace/loading.lua:100]: Preload file at: file:///usr/local/share/nvim/runtime/lua/vim/_meta/vvars.lua , size = 25.272 KB
[19:24:12.345][info] [#0:script/workspace/loading.lua:112]: ++++As library of:	file:///usr/local/share/nvim/runtime/lua
[19:24:12.345][info] [#0:script/workspace/loading.lua:100]: Preload file at: file:///usr/local/share/nvim/runtime/lua/vim/_meta/vimfn.lua , size = 398.838 KB
[19:24:12.427][info] [#0:script/workspace/loading.lua:112]: ++++As library of:	file:///usr/local/share/nvim/runtime/lua
[19:24:12.427][info] [#0:script/workspace/loading.lua:100]: Preload file at: file:///usr/local/share/nvim/runtime/lua/vim/provider/ruby.lua , size = 1.563 KB
[19:24:12.428][info] [#0:script/workspace/loading.lua:112]: ++++As library of:	file:///usr/local/share/nvim/runtime/lua
[19:24:12.429][info] [#0:script/workspace/loading.lua:100]: Preload file at: file:///usr/local/share/nvim/runtime/lua/vim/provider/python.lua , size = 4.224 KB
[19:24:12.431][info] [#0:script/workspace/loading.lua:112]: ++++As library of:	file:///usr/local/share/nvim/runtime/lua
[19:24:12.431][info] [#0:script/workspace/loading.lua:100]: Preload file at: file:///usr/local/share/nvim/runtime/lua/vim/provider/perl.lua , size = 1.998 KB
[19:24:12.432][info] [#0:script/workspace/loading.lua:112]: ++++As library of:	file:///usr/local/share/nvim/runtime/lua
[19:24:12.432][info] [#0:script/workspace/loading.lua:100]: Preload file at: file:///usr/local/share/nvim/runtime/lua/vim/_watch.lua , size = 8.901 KB
[19:24:12.435][info] [#0:script/workspace/loading.lua:112]: ++++As library of:	file:///usr/local/share/nvim/runtime/lua
[19:24:12.435][info] [#0:script/workspace/loading.lua:100]: Preload file at: file:///usr/local/share/nvim/runtime/lua/vim/_options.lua , size = 25.519 KB
[19:24:12.443][info] [#0:script/workspace/loading.lua:112]: ++++As library of:	file:///usr/local/share/nvim/runtime/lua
[19:24:12.443][info] [#0:script/workspace/loading.lua:100]: Preload file at: file:///usr/local/share/nvim/runtime/lua/vim/re.lua , size = 6.495 KB
[19:24:12.447][info] [#0:script/workspace/loading.lua:112]: ++++As library of:	file:///usr/local/share/nvim/runtime/lua
[19:24:12.447][info] [#0:script/workspace/loading.lua:100]: Preload file at: file:///usr/local/share/nvim/runtime/lua/vim/lsp.lua , size = 40.430 KB
[19:24:12.462][info] [#0:script/workspace/loading.lua:112]: ++++As library of:	file:///usr/local/share/nvim/runtime/lua
[19:24:12.462][info] [#0:script/workspace/loading.lua:100]: Preload file at: file:///usr/local/share/nvim/runtime/lua/vim/iter.lua , size = 25.504 KB
[19:24:12.472][info] [#0:script/workspace/loading.lua:112]: ++++As library of:	file:///usr/local/share/nvim/runtime/lua
[19:24:12.473][info] [#0:script/workspace/loading.lua:100]: Preload file at: file:///usr/local/share/nvim/runtime/lua/vim/_meta.lua , size = 0.977 KB
[19:24:12.474][info] [#0:script/workspace/loading.lua:112]: ++++As library of:	file:///usr/local/share/nvim/runtime/lua
[19:24:12.474][info] [#0:script/workspace/loading.lua:100]: Preload file at: file:///usr/local/share/nvim/runtime/lua/vim/_editor.lua , size = 34.328 KB
[19:24:12.486][info] [#0:script/workspace/loading.lua:112]: ++++As library of:	file:///usr/local/share/nvim/runtime/lua
[19:24:12.486][info] [#0:script/workspace/loading.lua:100]: Preload file at: file:///usr/local/share/nvim/runtime/lua/vim/vimhelp.lua , size = 0.967 KB
[19:24:12.487][info] [#0:script/workspace/loading.lua:112]: ++++As library of:	file:///usr/local/share/nvim/runtime/lua
[19:24:12.487][info] [#0:script/workspace/loading.lua:100]: Preload file at: file:///usr/local/share/nvim/runtime/lua/vim/uri.lua , size = 3.569 KB
[19:24:12.489][info] [#0:script/workspace/loading.lua:112]: ++++As library of:	file:///usr/local/share/nvim/runtime/lua
[19:24:12.489][info] [#0:script/workspace/loading.lua:100]: Preload file at: file:///usr/local/share/nvim/runtime/lua/vim/_defaults.lua , size = 18.695 KB
[19:24:12.495][info] [#0:script/workspace/loading.lua:112]: ++++As library of:	file:///usr/local/share/nvim/runtime/lua
[19:24:12.495][info] [#0:script/workspace/loading.lua:100]: Preload file at: file:///usr/local/share/nvim/runtime/lua/vim/termcap.lua , size = 3.103 KB
[19:24:12.550][info] [#0:script/workspace/loading.lua:112]: ++++As library of:	file:///usr/local/share/nvim/runtime/lua
[19:24:12.550][info] [#0:script/workspace/loading.lua:100]: Preload file at: file:///usr/local/share/nvim/runtime/lua/vim/loader.lua , size = 15.741 KB
[19:24:12.557][info] [#0:script/workspace/loading.lua:112]: ++++As library of:	file:///usr/local/share/nvim/runtime/lua
[19:24:12.557][info] [#0:script/workspace/loading.lua:100]: Preload file at: file:///usr/local/share/nvim/runtime/lua/vim/treesitter.lua , size = 14.036 KB
[19:24:12.562][info] [#0:script/workspace/loading.lua:112]: ++++As library of:	file:///usr/local/share/nvim/runtime/lua
[19:24:12.562][info] [#0:script/workspace/loading.lua:100]: Preload file at: file:///usr/local/share/nvim/runtime/lua/vim/filetype/detect.lua , size = 57.151 KB
[19:24:12.582][info] [#0:script/workspace/loading.lua:112]: ++++As library of:	file:///usr/local/share/nvim/runtime/lua
[19:24:12.583][info] [#0:script/workspace/loading.lua:100]: Preload file at: file:///usr/local/share/nvim/runtime/lua/vim/filetype/options.lua , size = 2.559 KB
[19:24:12.584][info] [#0:script/workspace/loading.lua:112]: ++++As library of:	file:///usr/local/share/nvim/runtime/lua
[19:24:12.584][info] [#0:script/workspace/loading.lua:100]: Preload file at: file:///usr/local/share/nvim/runtime/lua/vim/text.lua , size = 0.812 KB
[19:24:12.585][info] [#0:script/workspace/loading.lua:112]: ++++As library of:	file:///usr/local/share/nvim/runtime/lua
[19:24:12.585][info] [#0:script/workspace/loading.lua:100]: Preload file at: file:///usr/local/share/nvim/runtime/lua/vim/version.lua , size = 13.605 KB
[19:24:12.590][info] [#0:script/workspace/loading.lua:112]: ++++As library of:	file:///usr/local/share/nvim/runtime/lua
[19:24:12.590][info] [#0:script/workspace/loading.lua:100]: Preload file at: file:///usr/local/share/nvim/runtime/lua/vim/provider.lua , size = 0.197 KB
[19:24:12.590][info] [#0:script/workspace/loading.lua:112]: ++++As library of:	file:///usr/local/share/nvim/runtime/lua
[19:24:12.590][info] [#0:script/workspace/loading.lua:100]: Preload file at: file:///usr/local/share/nvim/runtime/lua/vim/fs.lua , size = 18.719 KB
[19:24:12.595][info] [#0:script/workspace/loading.lua:112]: ++++As library of:	file:///usr/local/share/nvim/runtime/lua
[19:24:12.595][info] [#0:script/workspace/loading.lua:100]: Preload file at: file:///usr/local/share/nvim/runtime/lua/vim/_system.lua , size = 9.135 KB
[19:24:12.599][info] [#0:script/workspace/loading.lua:112]: ++++As library of:	file:///usr/local/share/nvim/runtime/lua
[19:24:12.599][info] [#0:script/workspace/loading.lua:100]: Preload file at: file:///usr/local/share/nvim/runtime/lua/vim/highlight.lua , size = 4.526 KB
[19:24:12.601][info] [#0:script/workspace/loading.lua:112]: ++++As library of:	file:///usr/local/share/nvim/runtime/lua
[19:24:12.601][info] [#0:script/workspace/loading.lua:100]: Preload file at: file:///usr/local/share/nvim/runtime/lua/vim/_comment.lua , size = 8.743 KB
[19:24:12.604][info] [#0:script/workspace/loading.lua:112]: ++++As library of:	file:///usr/local/share/nvim/runtime/lua
[19:24:12.604][info] [#0:script/workspace/loading.lua:100]: Preload file at: file:///usr/local/share/nvim/runtime/lua/vim/health.lua , size = 12.684 KB
[19:24:12.609][info] [#0:script/workspace/loading.lua:112]: ++++As library of:	file:///usr/local/share/nvim/runtime/lua
[19:24:12.609][info] [#0:script/workspace/loading.lua:100]: Preload file at: file:///usr/local/share/nvim/runtime/lua/vim/diagnostic.lua , size = 69.172 KB
[19:24:12.633][info] [#0:script/workspace/loading.lua:112]: ++++As library of:	file:///usr/local/share/nvim/runtime/lua
[19:24:12.633][info] [#0:script/workspace/loading.lua:100]: Preload file at: file:///usr/local/share/nvim/runtime/lua/vim/_inspector.lua , size = 7.494 KB
[19:24:12.636][info] [#0:script/workspace/loading.lua:112]: ++++As library of:	file:///usr/local/share/nvim/runtime/lua
[19:24:12.637][info] [#0:script/workspace/loading.lua:100]: Preload file at: file:///usr/local/share/nvim/runtime/lua/vim/lsp/handlers.lua , size = 26.781 KB
[19:24:12.646][info] [#0:script/workspace/loading.lua:112]: ++++As library of:	file:///usr/local/share/nvim/runtime/lua
[19:24:12.646][info] [#0:script/workspace/loading.lua:100]: Preload file at: file:///usr/local/share/nvim/runtime/lua/vim/lsp/protocol.lua , size = 48.943 KB
[19:24:12.652][info] [#0:script/workspace/loading.lua:112]: ++++As library of:	file:///usr/local/share/nvim/runtime/lua
[19:24:12.653][info] [#0:script/workspace/loading.lua:100]: Preload file at: file:///usr/local/share/nvim/runtime/lua/vim/lsp/_tagfunc.lua , size = 2.787 KB
[19:24:12.654][info] [#0:script/workspace/loading.lua:112]: ++++As library of:	file:///usr/local/share/nvim/runtime/lua
[19:24:12.654][info] [#0:script/workspace/loading.lua:100]: Preload file at: file:///usr/local/share/nvim/runtime/lua/vim/lsp/_completion.lua , size = 8.965 KB
[19:24:12.658][info] [#0:script/workspace/loading.lua:112]: ++++As library of:	file:///usr/local/share/nvim/runtime/lua
[19:24:12.658][info] [#0:script/workspace/loading.lua:100]: Preload file at: file:///usr/local/share/nvim/runtime/lua/vim/lsp/buf.lua , size = 31.091 KB
[19:24:12.668][info] [#0:script/workspace/loading.lua:112]: ++++As library of:	file:///usr/local/share/nvim/runtime/lua
[19:24:12.669][info] [#0:script/workspace/loading.lua:100]: Preload file at: file:///usr/local/share/nvim/runtime/lua/vim/lsp/inlay_hint.lua , size = 12.172 KB
[19:24:12.673][info] [#0:script/workspace/loading.lua:112]: ++++As library of:	file:///usr/local/share/nvim/runtime/lua
[19:24:12.674][info] [#0:script/workspace/loading.lua:100]: Preload file at: file:///usr/local/share/nvim/runtime/lua/vim/lsp/semantic_tokens.lua , size = 26.267 KB
[19:24:12.682][info] [#0:script/workspace/loading.lua:112]: ++++As library of:	file:///usr/local/share/nvim/runtime/lua
[19:24:12.683][info] [#0:script/workspace/loading.lua:100]: Preload file at: file:///usr/local/share/nvim/runtime/lua/vim/lsp/_snippet_grammar.lua , size = 6.179 KB
[19:24:12.686][info] [#0:script/workspace/loading.lua:112]: ++++As library of:	file:///usr/local/share/nvim/runtime/lua
[19:24:12.686][info] [#0:script/workspace/loading.lua:100]: Preload file at: file:///usr/local/share/nvim/runtime/lua/vim/lsp/_meta/protocol.lua , size = 175.343 KB
[19:24:12.724][info] [#0:script/workspace/loading.lua:112]: ++++As library of:	file:///usr/local/share/nvim/runtime/lua
[19:24:12.724][info] [#0:script/workspace/loading.lua:100]: Preload file at: file:///usr/local/share/nvim/runtime/lua/vim/lsp/_meta.lua , size = 0.440 KB
[19:24:12.725][info] [#0:script/workspace/loading.lua:112]: ++++As library of:	file:///usr/local/share/nvim/runtime/lua
[19:24:12.725][info] [#0:script/workspace/loading.lua:100]: Preload file at: file:///usr/local/share/nvim/runtime/lua/vim/lsp/sync.lua , size = 16.226 KB
[19:24:12.729][info] [#0:script/workspace/loading.lua:112]: ++++As library of:	file:///usr/local/share/nvim/runtime/lua
[19:24:12.733][info] [#0:script/workspace/loading.lua:100]: Preload file at: file:///usr/local/share/nvim/runtime/lua/vim/lsp/rpc.lua , size = 25.991 KB
[19:24:12.742][info] [#0:script/workspace/loading.lua:112]: ++++As library of:	file:///usr/local/share/nvim/runtime/lua
[19:24:12.744][info] [#0:script/workspace/loading.lua:100]: Preload file at: file:///usr/local/share/nvim/runtime/lua/vim/lsp/_dynamic.lua , size = 2.973 KB
[19:24:12.746][info] [#0:script/workspace/loading.lua:112]: ++++As library of:	file:///usr/local/share/nvim/runtime/lua
[19:24:12.746][info] [#0:script/workspace/loading.lua:100]: Preload file at: file:///usr/local/share/nvim/runtime/lua/vim/lsp/_changetracking.lua , size = 11.492 KB
[19:24:12.750][info] [#0:script/workspace/loading.lua:112]: ++++As library of:	file:///usr/local/share/nvim/runtime/lua
[19:24:12.751][info] [#0:script/workspace/loading.lua:100]: Preload file at: file:///usr/local/share/nvim/runtime/lua/vim/lsp/diagnostic.lua , size = 13.852 KB
[19:24:12.756][info] [#0:script/workspace/loading.lua:112]: ++++As library of:	file:///usr/local/share/nvim/runtime/lua
[19:24:12.756][info] [#0:script/workspace/loading.lua:100]: Preload file at: file:///usr/local/share/nvim/runtime/lua/vim/lsp/util.lua , size = 77.017 KB
[19:24:12.782][info] [#0:script/workspace/loading.lua:112]: ++++As library of:	file:///usr/local/share/nvim/runtime/lua
[19:24:12.782][info] [#0:script/workspace/loading.lua:100]: Preload file at: file:///usr/local/share/nvim/runtime/lua/vim/lsp/health.lua , size = 5.398 KB
[19:24:12.785][info] [#0:script/workspace/loading.lua:112]: ++++As library of:	file:///usr/local/share/nvim/runtime/lua
[19:24:12.785][info] [#0:script/workspace/loading.lua:100]: Preload file at: file:///usr/local/share/nvim/runtime/lua/vim/lsp/client.lua , size = 38.013 KB
[19:24:12.798][info] [#0:script/workspace/loading.lua:112]: ++++As library of:	file:///usr/local/share/nvim/runtime/lua
[19:24:12.804][info] [#0:script/workspace/loading.lua:100]: Preload file at: file:///usr/local/share/nvim/runtime/lua/vim/lsp/log.lua , size = 4.673 KB
[19:24:12.806][info] [#0:script/workspace/loading.lua:112]: ++++As library of:	file:///usr/local/share/nvim/runtime/lua
[19:24:12.807][info] [#0:script/workspace/loading.lua:100]: Preload file at: file:///usr/local/share/nvim/runtime/lua/vim/lsp/_watchfiles.lua , size = 6.889 KB
[19:24:12.810][info] [#0:script/workspace/loading.lua:112]: ++++As library of:	file:///usr/local/share/nvim/runtime/lua
[19:24:12.810][info] [#0:script/workspace/loading.lua:100]: Preload file at: file:///usr/local/share/nvim/runtime/lua/vim/lsp/codelens.lua , size = 9.336 KB
[19:24:12.814][info] [#0:script/workspace/loading.lua:112]: ++++As library of:	file:///usr/local/share/nvim/runtime/lua
[19:24:12.814][info] [#0:script/workspace/loading.lua:100]: Preload file at: file:///usr/local/share/nvim/runtime/lua/vim/shared.lua , size = 29.331 KB
[19:24:12.827][info] [#0:script/workspace/loading.lua:112]: ++++As library of:	file:///usr/local/share/nvim/runtime/lua
[19:24:12.827][info] [#0:script/workspace/loading.lua:100]: Preload file at: file:///usr/local/share/nvim/runtime/lua/vim/filetype.lua , size = 68.524 KB
[19:24:12.848][info] [#0:script/workspace/loading.lua:112]: ++++As library of:	file:///usr/local/share/nvim/runtime/lua
[19:24:12.851][info] [#0:script/workspace/loading.lua:100]: Preload file at: file:///usr/local/share/nvim/runtime/lua/vim/ui.lua , size = 5.396 KB
[19:24:12.853][info] [#0:script/workspace/loading.lua:112]: ++++As library of:	file:///usr/local/share/nvim/runtime/lua
[19:24:12.853][info] [#0:script/workspace/loading.lua:100]: Preload file at: file:///usr/local/share/nvim/runtime/lua/vim/treesitter/language.lua , size = 3.684 KB
[19:24:12.855][info] [#0:script/workspace/loading.lua:112]: ++++As library of:	file:///usr/local/share/nvim/runtime/lua
[19:24:12.855][info] [#0:script/workspace/loading.lua:100]: Preload file at: file:///usr/local/share/nvim/runtime/lua/vim/treesitter/dev.lua , size = 19.644 KB
[19:24:12.863][info] [#0:script/workspace/loading.lua:112]: ++++As library of:	file:///usr/local/share/nvim/runtime/lua
[19:24:12.864][info] [#0:script/workspace/loading.lua:100]: Preload file at: file:///usr/local/share/nvim/runtime/lua/vim/treesitter/_range.lua , size = 3.869 KB
[19:24:12.866][info] [#0:script/workspace/loading.lua:112]: ++++As library of:	file:///usr/local/share/nvim/runtime/lua
[19:24:12.867][info] [#0:script/workspace/loading.lua:100]: Preload file at: file:///usr/local/share/nvim/runtime/lua/vim/treesitter/_fold.lua , size = 14.081 KB
[19:24:12.872][info] [#0:script/workspace/loading.lua:112]: ++++As library of:	file:///usr/local/share/nvim/runtime/lua
[19:24:12.872][info] [#0:script/workspace/loading.lua:100]: Preload file at: file:///usr/local/share/nvim/runtime/lua/vim/treesitter/_meta.lua , size = 4.483 KB
[19:24:12.875][info] [#0:script/workspace/loading.lua:112]: ++++As library of:	file:///usr/local/share/nvim/runtime/lua
[19:24:12.875][info] [#0:script/workspace/loading.lua:100]: Preload file at: file:///usr/local/share/nvim/runtime/lua/vim/treesitter/highlighter.lua , size = 11.811 KB
[19:24:12.881][info] [#0:script/workspace/loading.lua:112]: ++++As library of:	file:///usr/local/share/nvim/runtime/lua
[19:24:12.881][info] [#0:script/workspace/loading.lua:100]: Preload file at: file:///usr/local/share/nvim/runtime/lua/vim/treesitter/languagetree.lua , size = 33.292 KB
[19:24:12.894][info] [#0:script/workspace/loading.lua:112]: ++++As library of:	file:///usr/local/share/nvim/runtime/lua
[19:24:12.894][info] [#0:script/workspace/loading.lua:100]: Preload file at: file:///usr/local/share/nvim/runtime/lua/vim/treesitter/health.lua , size = 0.856 KB
[19:24:12.895][info] [#0:script/workspace/loading.lua:112]: ++++As library of:	file:///usr/local/share/nvim/runtime/lua
[19:24:12.895][info] [#0:script/workspace/loading.lua:100]: Preload file at: file:///usr/local/share/nvim/runtime/lua/vim/treesitter/query.lua , size = 32.301 KB
[19:24:12.988][info] [#0:script/workspace/loading.lua:112]: ++++As library of:	file:///usr/local/share/nvim/runtime/lua
[19:24:12.991][info] [#0:script/workspace/loading.lua:100]: Preload file at: file:///usr/local/share/nvim/runtime/lua/vim/treesitter/_query_linter.lua , size = 7.627 KB
[19:24:12.995][info] [#0:script/workspace/loading.lua:112]: ++++As library of:	file:///usr/local/share/nvim/runtime/lua
[19:24:12.996][info] [#0:script/workspace/loading.lua:100]: Preload file at: file:///usr/local/share/nvim/runtime/lua/vim/keymap.lua , size = 3.682 KB
[19:24:12.997][info] [#0:script/workspace/loading.lua:112]: ++++As library of:	file:///usr/local/share/nvim/runtime/lua
[19:24:12.998][info] [#0:script/workspace/loading.lua:100]: Preload file at: file:///usr/local/share/nvim/runtime/lua/provider/perl/health.lua , size = 2.752 KB
[19:24:12.999][info] [#0:script/workspace/loading.lua:112]: ++++As library of:	file:///usr/local/share/nvim/runtime/lua
[19:24:12.999][info] [#0:script/workspace/loading.lua:100]: Preload file at: file:///usr/local/share/nvim/runtime/lua/tohtml.lua , size = 42.432 KB
[19:24:13.019][info] [#0:script/workspace/loading.lua:112]: ++++As library of:	file:///usr/local/share/nvim/runtime/lua
[19:24:13.019][info] [#0:script/workspace/loading.lua:100]: Preload file at: file:///usr/local/share/nvim/runtime/lua/provider/ruby/health.lua , size = 2.211 KB
[19:24:13.020][info] [#0:script/workspace/loading.lua:112]: ++++As library of:	file:///usr/local/share/nvim/runtime/lua
[19:24:13.020][info] [#0:script/workspace/loading.lua:100]: Preload file at: file:///usr/local/share/nvim/runtime/lua/provider/clipboard/health.lua , size = 1.151 KB
[19:24:13.021][info] [#0:script/workspace/loading.lua:112]: ++++As library of:	file:///usr/local/share/nvim/runtime/lua
[19:24:13.022][info] [#0:script/workspace/loading.lua:100]: Preload file at: file:///usr/local/share/nvim/runtime/lua/provider/python/health.lua , size = 16.369 KB
[19:24:13.027][info] [#0:script/workspace/loading.lua:112]: ++++As library of:	file:///usr/local/share/nvim/runtime/lua
[19:24:13.028][info] [#0:script/workspace/loading.lua:100]: Preload file at: file:///usr/local/share/nvim/runtime/lua/editorconfig.lua , size = 10.443 KB
[19:24:13.031][info] [#0:script/workspace/loading.lua:112]: ++++As library of:	file:///usr/local/share/nvim/runtime/lua
[19:24:13.031][info] [#0:script/workspace/loading.lua:100]: Preload file at: file:///usr/local/share/nvim/runtime/lua/provider/node/health.lua , size = 3.375 KB
[19:24:13.033][info] [#0:script/workspace/loading.lua:112]: ++++As library of:	file:///usr/local/share/nvim/runtime/lua
[19:24:13.033][info] [#0:script/workspace/loading.lua:100]: Preload file at: file:///usr/local/share/nvim/runtime/lua/_vim9script.lua , size = 15.418 KB
[19:24:13.038][info] [#0:script/workspace/loading.lua:112]: ++++As library of:	file:///usr/local/share/nvim/runtime/lua
[19:24:13.038][info] [#0:script/workspace/loading.lua:100]: Preload file at: file:///home/espeon/.local/share/nvim/mason/packages/lua-language-server/libexec/meta/LuaJIT%20en-us%20utf8/jit.lua , size = 0.884 KB
[19:24:13.039][info] [#0:script/workspace/loading.lua:112]: ++++As library of:	file:///home/espeon/.local/share/nvim/mason/packages/lua-language-server/libexec/meta/LuaJIT%20en-us%20utf8/jit.lua
[19:24:13.039][info] [#0:script/workspace/loading.lua:88]: Skip loaded file: file:///home/espeon/.config/nvim/init.lua
[19:24:13.040][info] [#0:script/workspace/loading.lua:172]: Loaded files takes [1.417] sec: file:///home/espeon/.config/nvim
[19:24:13.040][info] [#0:script/workspace/loading.lua:181]: Compile files takes [0.000] sec: file:///home/espeon/.config/nvim
[19:24:13.040][info] [#0:script/workspace/loading.lua:182]: Loaded finish:	file:///home/espeon/.config/nvim
[19:24:13.040][info] [#0:script/workspace/workspace.lua:381]: Preload finish at:	file:///home/espeon/.config/nvim
[19:24:13.086][info] [#0:script/provider/diagnostic.lua:560]: Diagnostics scope [file:///home/espeon/.config/nvim], files count:[334]
[19:24:13.087][warn] [#0:script/pub/report.lua:24]: Load proto error:	Disconnected!
